index,prediction
0,215.6989019344998
1,150.36670233484313
2,288.81113137319187
3,30.738203414389577
4,45.2875059532548
5,53.754595503451974
6,2.0231088117378
7,82.01605867326315
8,38.72320837880884
9,211.22184790097896
10,216.83608256647216
11,283.5402478977908
12,164.08639070087577
13,175.32920939080833
14,101.18733103795378
15,93.17494079635532
16,80.10670755139274
17,156.35764332684556
18,172.85648295644685
19,25.671845346094706
20,150.0301673054089
21,287.93335545440806
22,117.51768319568592
23,185.04474683284488
24,173.17853356328203
25,87.42739739232073
26,76.29240716088167
27,101.92586268661424
28,12.382639968984904
29,152.24786789203452
30,156.3765285143457
31,150.40211648342975
32,197.44905585148388
33,116.66709290384557
34,137.02283817265482
35,22.767339065885256
36,98.02452503713528
37,32.84415130625165
38,117.29047161195153
39,88.49954963351715
40,-1.1869619471069561
41,40.10059027319659
42,19.124791939677742
43,205.7606377261596
44,33.58395452314893
45,-18.807580393594094
46,33.864804701343886
47,240.42210223946736
48,232.20495209583765
49,270.8284409940131
50,145.15849298635095
51,309.8063169512498
52,146.80601531474989
53,192.95568691457407
54,96.90528671209879
55,38.9308096673021
56,21.819793860050787
57,109.70463434969277
58,31.039912887522544
59,248.6893867452858
60,36.952623672052745
61,53.672633462358164
62,40.89516566797739
63,30.44538420151669
64,95.52482833590098
65,210.3749673192495
66,80.98985604718662
67,35.86454906397121
68,67.92137344033361
69,120.57988149235061
70,83.21512297779013
71,103.73955383316718
72,211.08308113893492
73,18.286046141103004
74,296.5751356951543
75,-3.2210771460805208
76,-0.16361681137150338
77,15.056103525520106
78,72.42985046539468
79,233.61755887523637
80,126.00461263300747
81,13.42778817044898
82,282.510492336957
83,169.71002084458047
84,190.07099768759974
85,202.4695767082905
86,181.22041464140003
87,153.89304179453543
88,191.5556774190122
89,-15.037813621831633
90,142.60488868635844
91,72.23780919566178
92,129.20722879164492
93,273.43215235541135
94,52.96335853119544
95,187.35746422847606
96,274.67140420882345
97,297.78946899452313
98,180.51802680330155
99,122.04025628240748
100,160.6239047998956
101,134.3001945855822
102,252.30720372020681
103,82.2685642058145
104,183.24408081643665
105,236.10820659168914
106,47.180416991280445
107,24.009636853947683
108,99.39452088374927
109,243.81562455378466
110,37.98455931449068
111,153.09335407105021
112,196.79659813727787
113,140.32745391312895
114,162.26728736184472
115,155.13632127180827
116,184.98481631043046
117,48.09774171491617
118,94.14553801177811
119,130.79995554803102
120,114.55248842484781
121,92.34657571855846
122,249.91189828223762
123,77.05139175889653
124,15.254702834961813
125,151.69076820125184
126,50.985135499839515
127,135.18320381097186
128,55.56173690024531
129,24.844898849174132
130,7.411709010860192
131,76.39058485167887
132,115.82403953021873
133,158.28554308456722
134,10.638016396435674
135,159.4787844783715
136,135.68700193594916
137,181.15713068661793
138,0.7379868042232773
139,93.85738135927407
140,88.17104609778944
141,133.76664677050456
142,84.37959491195917
143,18.00230272515551
144,205.91764591567414
145,59.218787632824125
146,142.63003929859715
147,135.0252062637835
148,209.96878154034556
149,179.76035675090617
150,21.615214312430474
151,97.14736705221152
152,47.027552558890896
153,157.20351271329656
154,30.325051184885044
155,58.56373895626713
156,73.24258544726206
157,135.24852275213212
158,119.86710515816125
159,156.48986168532235
160,90.6866158641857
161,85.93941115428771
162,86.32938008480703
163,8.539080239595162
164,175.91429169183525
165,128.23349995067431
166,328.76822262326726
167,-13.66740815292341
168,109.16445474291747
169,20.40091471674921
170,180.23113906651696
171,66.83170996846982
172,45.255049013310504
173,74.62503868831163
174,24.392270645845695
175,161.56655653279338
176,67.03159769052732
177,112.96510139574117
178,43.83627546128371
179,30.60148033167671
180,137.4017275177176
181,13.310827013428499
182,62.1331973881199
183,291.33443226216355
184,120.61020292821443
185,19.60678096183968
186,298.52794939485636
187,170.26124955816832
188,73.90372522871587
189,21.371991670166473
190,213.5759952190578
191,141.54913936383113
192,63.006777080561505
193,110.54221637300019
194,192.03432853825305
195,75.67495475013216
196,19.328963999304097
197,172.09069763518778
198,10.039724470455228
199,170.3172317008813
200,188.70104082082557
201,288.1782615516697
202,51.756358841381534
203,65.3406468767526
204,109.74067522300666
205,163.8105681472251
206,236.7016294434172
207,55.162219574300494
208,109.35222539468376
209,37.627908539897604
210,2.866085759435112
211,187.79322084012165
212,30.556518942759304
213,41.597774160141576
214,163.04145997271664
215,124.45192328932461
216,159.18648199076765
217,51.243021751371636
218,131.77630923685413
219,170.84625956401905
220,171.4335997108952
221,18.244350186864086
222,248.2308702863445
223,105.86505126501471
224,190.13558713028513
225,67.2136271306155
226,196.41656321746353
227,41.367351857065366
228,40.644870786747276
229,95.44651594039163
230,215.83397303073212
231,35.751751371592164
232,121.39402967188201
233,203.36447244692735
234,20.98891181376749
235,143.4299327879932
236,44.44457400058661
237,23.71051948778937
238,64.22479131564826
239,163.61404731934928
240,148.0476247759016
241,10.45483162371425
242,21.133732041144178
243,58.51916175478365
244,81.73487441246938
245,98.73030779276738
246,62.56180496836894
247,224.60524018023327
248,17.715690938831298
249,213.69833770449225
250,96.16244990557318
251,-0.9817275221264873
252,16.240566977550486
253,128.25843573420408
254,199.3895107381273
255,47.4769641484845
256,48.17463856252622
257,106.20975494988691
258,27.77938735987087
259,83.64124857730255
260,195.56048661544494
261,30.01527725710761
262,245.98768358441427
263,68.31812452066951
264,132.39342538300616
265,221.21724427628732
266,120.24536294090109
267,16.1806425167605
268,148.6093045240331
269,195.87417041193996
270,0.27962198822608586
271,131.70316058007683
272,148.0496846948474
273,26.41358693804397
274,166.37407893489333
275,19.55668333577453
276,38.24119752962373
277,38.677700799683734
278,80.79239088294348
279,123.03487693791268
280,228.4940700026925
281,89.64692112497805
282,82.92553041576787
283,130.17809389420472
284,185.98188492004076
285,85.27350791550532
286,138.46680846362017
287,77.00381682707778
288,89.50033164143576
289,37.492414707542004
290,42.27364580293566
291,105.13006257533233
292,164.33562982880818
293,79.46060868555105
294,116.2281861284376
295,-10.775918998371
296,27.46926006031105
297,66.76785403866236
298,1.4580078228784308
299,226.19220542765072
300,180.51802680330155
301,288.0643229806916
302,43.3888554351503
303,154.87008827770046
304,23.20254572355464
305,-3.6115039260302937
306,172.4324954054466
307,168.78256750156956
308,7.959713153625891
309,125.4413755942387
310,285.14770833697276
311,171.99653474125068
312,160.01600164241162
313,114.03313853170808
314,126.66010356510839
315,170.01096287841435
316,46.690044805216125
317,-1.9885285295581476
318,284.2663485056541
319,118.16500969684935
320,181.77429710676125
321,141.34062991565168
322,14.440607732403747
323,30.57994762775253
324,16.444527984201226
325,49.548874677378016
326,275.9958604612698
327,30.902033087085552
328,178.1127273416681
329,156.19585499003225
330,30.17599606881705
331,169.4536420430809
332,117.32515354522982
333,290.1042495949974
334,126.43591130094286
335,5.92212134344509
336,77.55354729789282
337,10.19829520494742
338,78.53774265992264
339,65.17410186177202
340,24.379019815384673
341,164.14630381672393
342,96.82739675323973
343,63.2306823425548
344,176.17103482012269
345,31.59472053891711
346,137.16630192484905
347,183.4174957963193
348,82.69391138446596
349,126.54030432626466
350,51.04934646551936
351,159.14992806872226
352,35.19776558484148
353,8.719261029202706
354,288.4347371135879
355,278.32656317732824
356,77.51994868807334
357,80.1253379204709
358,46.69802936201268
359,236.077547575151
360,145.56548986163455
361,18.766848965405973
362,231.59250346388203
363,161.5557189437717
364,91.52710508840872
365,77.5355314379752
366,282.47518351245225
367,181.776139834846
368,-9.85123137535307
369,33.9707975838161
370,256.7975688882036
371,175.3218351616275
372,173.55140149665738
373,70.8736568031085
374,196.63455699733709
375,237.60997648213814
376,152.7627034388367
377,181.3134994920273
378,52.144252893402594
379,245.98527061260552
380,47.44955727594407
381,110.53566573750265
382,276.25757122248905
383,1.854291233045388
384,188.38131859154808
385,135.93072783909827
386,94.46726742950996
387,223.68334011545124
388,72.42979019895748
389,223.27023413065592
390,219.78274183255238
391,167.3860844803017
392,88.09494905711733
393,222.88717377218651
394,110.8186875634791
395,117.70991114470372
396,132.31130847359066
397,83.60233454436181
398,122.49939223785589
399,62.10739855933167
400,81.55607529081021
401,136.95138147980313
402,100.63751539174486
403,126.42669563026035
404,37.1676272740496
405,120.94885726646625
406,59.66692971554544
407,67.62045073045554
408,32.46888595820122
409,171.8915433690161
410,271.10826128388084
411,124.55233910686437
412,132.86928219310784
413,47.1924256856415
414,124.94718091466862
415,227.78759571174461
416,289.9847791616944
417,149.51273688462175
418,149.80587297446132
419,140.82215407096106
420,9.617821456030471
421,129.7336457394783
422,23.66311037044861
423,204.27675802447766
424,198.80268272945102
425,88.13285419537657
426,-15.181029141974735
427,7.93542233433249
428,33.80407190764028
429,162.52125839323134
430,90.0462213544333
431,18.27171552960837
432,14.932796209900832
433,164.45623093770163
434,131.92163928195725
435,166.3273615422337
436,278.4436966887147
437,30.584135025526212
438,164.21771216811877
439,-1.2821385281393363
440,109.35066031513674
441,126.74160305921725
442,182.66693920924362
443,116.42663663312211
444,252.3025658771079
445,147.36455584080318
446,259.5234296181193
447,155.1664505977532
448,133.77250735159652
449,43.97301033620376
450,57.91081968512182
451,29.508219603437592
452,293.1795913283964
453,85.08870211410503
454,4.37883558922729
455,7.925059054932257
456,67.81741147975372
457,111.95679959879986
458,102.7585217580423
459,169.04750433152523
460,101.28184597028532
461,35.751751371592164
462,26.68361886458098
463,32.65895160290155
464,65.15340505615438
465,41.353242539578694
466,160.08140641123816
467,109.13647550087904
468,106.09548445438926
469,121.71248952946927
470,121.81990567516448
471,217.60591078838394
472,29.742472789611178
473,294.9504936533477
474,172.04544149395116
475,43.5608911165966
476,84.28203070148562
477,57.24276650951269
478,43.365749114920625
479,29.508219603437592
480,24.666276917901342
481,210.7125010216369
482,-3.1222156411684456
483,-11.126389416816817
484,240.69266067318264
485,149.3088607790761
486,145.89123651068073
487,46.63055547458371
488,107.1966937174553
489,154.1411378303088
490,193.0386133073754
491,111.49634433670496
492,103.56789638229937
493,117.29692898947462
494,105.28945275423679
495,186.77491597091353
496,165.11362796059214
497,313.41755143566235
498,134.81407132217302
499,249.5779508647853
500,95.63685527397658
501,108.81123286528579
502,316.88546817771925
503,21.69371242864124
504,40.13227810443198
505,-10.825494483454243
506,247.61488655010828
507,176.4591737024842
508,7.709872574725362
509,210.96698821460566
510,184.10836568143876
511,70.94143565131128
512,92.02357443706256
513,133.98013752486875
514,17.258128182140346
515,36.38847012450793
516,188.6822444514071
517,68.94929500768232
518,148.07350669896118
519,49.63844518055021
520,235.93848800399505
521,75.40733635168473
522,117.2288366224668
523,142.0795431839691
524,99.63114804737862
525,55.059228534799715
526,99.6712465033609
527,97.14213945712102
528,152.38701361395158
529,87.16157694904368
530,33.92400314508487
531,40.94371291608452
532,278.33231704069897
533,87.53013353075708
534,14.09079662011569
535,277.068112479241
536,115.18813791551527
537,110.12005259015673
538,94.16040094319273
539,162.36761258340462
540,92.68921784120421
541,54.80667641455061
542,13.460175842059474
543,62.87488849331521
544,159.86792425363487
545,7.186144996814812
546,7.352688727213909
547,78.11191628361884
548,97.5834294756362
549,277.13239814351266
550,86.88756479097337
551,186.5998817026002
552,39.684471759101875
553,131.06846304773902
554,285.913366362296
555,78.89424589130108
556,10.489991908173877
557,4.699254442425748
558,69.01789956025374
559,290.71052513810383
560,158.81938557445793
561,7.661311332128164
562,231.82116935707873
563,144.09470068819914
564,314.9970783227085
565,131.90354693054303
566,168.2961316687195
567,139.6639001095486
568,169.33404453825005
569,66.22674937816882
570,-15.677832772342335
571,253.12898892031555
572,40.92348603305594
573,179.08361922651332
574,150.30865525060102
575,104.68023681803339
576,106.05327058683939
577,74.11157297519463
578,101.50956347841407
579,142.09026075484726
580,182.74644250456362
581,1.7697156002877568
582,58.4286976590706
583,47.996051179806344
584,105.02910605560804
585,59.672479175775905
586,177.56277464312964
587,117.95601562750521
588,22.31847922024183
589,153.13319948483127
590,121.22827336495713
591,140.08270938457127
592,37.658463922505156
593,88.34660871244596
594,162.3705244070212
595,95.42457107026873
596,216.15506425383685
597,190.47835718527588
598,58.8520786862155
599,214.45569294922964
600,210.70454267026233
601,19.39229144626865
602,316.2612333976778
603,49.773052395827676
604,53.84956547598591
605,127.6754692533058
606,70.91431717606807
607,15.869704362009482
608,-3.3574291401107343
609,162.96306344344654
610,316.3010061340356
611,18.081187710686148
612,73.42370338677382
613,137.8170301781232
614,28.907662203341726
615,96.17888945488514
616,269.7703719185113
617,90.36946650372423
618,225.9775684370322
619,160.2968305618965
620,290.0572681865492
621,48.922666118555476
622,25.531541641673925
623,90.72304203948482
624,119.32387870457424
625,32.75622876571113
626,71.20718437078474
627,63.875579348868925
628,289.8729574417702
629,159.88042505586876
630,82.66243714198193
631,169.21060224118006
632,57.77337499013395
633,116.25767536565439
634,73.16104349023317
635,166.79273961973948
636,196.78172774264652
637,38.820600197991865
638,117.96107912484298
639,17.36069589472394
640,81.78232043883897
641,109.97871024722289
642,200.27307444843552
643,164.54928146030915
644,231.55165730136963
645,26.76274662822994
646,77.04122521877366
647,70.13890059572127
648,98.3211753171388
649,139.1230974585013
650,142.60236761591608
651,116.30542023351225
652,286.5494380956999
653,83.4243461125491
654,106.84804693146606
655,113.22922396687244
656,185.50222701678788
657,35.60047327868559
658,135.20448648853656
659,3.7353316390438827
660,34.15774912443224
661,71.49299888878542
662,117.61368261277084
663,58.30453861856818
664,119.28043268925242
665,81.83298381062414
666,80.89569626770005
667,164.19510464264093
668,95.39685135018425
669,36.919081394351814
670,31.22316657522667
671,2.8980622417364637
672,139.37461718280363
673,94.63943044100728
674,33.53312251456568
675,54.534521773232264
676,-16.53434424357894
677,139.37993873188663
678,122.08348038245555
679,259.59570014218986
680,46.890655224656356
681,95.69329616550635
682,122.95873153484327
683,137.0900855620645
684,55.1423103297253
685,103.44413693520539
686,286.14076379141085
687,102.9986030918765
688,332.75720560695675
689,30.08041786150309
690,122.7026967118073
691,29.368013801682967
692,209.11608116593848
693,63.06179020739691
694,50.17711106515454
695,138.9705266933407
696,134.7021915417631
697,40.24116761613614
698,150.10646590979613
699,7.001483451414863
700,18.463817688523083
701,84.0066376258843
702,27.345057684203645
703,195.5842460459943
704,187.28273093222313
705,244.14126508277306
706,11.764821914785104
707,41.36479970504747
708,55.33686261255166
709,122.67146996779805
710,148.6316548783576
711,102.59661694105539
712,61.9113759640165
713,43.6478735354891
714,148.02386391006087
715,126.43797294256817
716,231.06307417084275
717,100.44633352989838
718,149.5523779396918
719,58.17274250025402
720,281.12329556768134
721,26.88389517874297
722,39.097902909186494
723,167.96140272097264
724,132.6712355439796
725,-1.4162269653082344
726,33.0117423248095
727,108.84723370017653
728,94.73692552536274
729,86.22807752531511
730,47.71336428450555
731,59.6171180775696
732,99.78805689990631
733,18.111845691739646
734,143.10771974916676
735,50.59675516887798
736,94.11587706559537
737,36.84560689355674
738,44.38901687305508
739,71.73228593838267
740,34.88039728183496
741,157.20351271329656
742,73.01364840537484
743,7.036958915677754
744,167.80983347953534
745,260.51975926621293
746,154.4389859085058
747,107.44965320167233
748,22.578129270395188
749,141.3156218461513
750,173.85411049110252
751,223.67056716939035
752,93.17167825550123
753,309.8063169512498
754,133.3456692430238
755,38.1707482847247
756,162.76279354229902
757,262.03981583393664
758,151.6100111471007
759,316.264895024094
760,85.47375685878794
761,-13.81261127631224
762,274.89562790737506
763,199.19655061664906
764,128.23997244233075
765,35.113156541786644
766,38.901335263684345
767,25.85995792954124
768,6.441161427636772
769,86.30817089177972
770,304.1518052695539
771,54.41830295793154
772,154.5709930252277
773,133.01109180090455
774,124.61827178102794
775,274.2409864526598
776,102.08070041943563
777,102.99854450258648
778,211.15732521706298
779,44.8173323781582
780,166.97043506094641
781,38.331567151250184
782,266.0727305758157
783,130.01100165800437
784,58.73684484007685
785,25.983098008361413
786,151.59690138221708
787,154.2679059775968
788,30.40622590928969
789,281.43355775973134
790,176.2805329434198
791,124.91571662687595
792,183.89181830877473
793,158.88319879347097
794,171.0162032108337
795,126.39475295711789
796,130.73144140578222
797,153.92992605276078
798,54.10808383313098
799,71.70264443597405
800,7.417368276810571
801,16.035697028308206
802,179.91422609828015
803,-20.761573156768605
804,98.53964803084298
805,103.56789638229937
806,38.94635007514432
807,115.01392515195175
808,29.29203561641557
809,51.90364351302923
810,280.5405050636327
811,150.75900054219147
812,171.1797361573746
813,148.23366062510118
814,86.47853959987259
815,116.470807763505
816,84.11343580775794
817,168.17906312185454
818,90.54884587932544
819,98.89618698483208
820,39.75993746499503
821,167.84602496611956
822,159.60987649961893
823,19.378724099820435
824,14.209433192546655
825,165.11999101332069
826,182.28126379057957
827,178.89480983234657
828,56.149462206726795
829,143.07973566976227
830,138.44040995375252
831,1.0171723039406266
832,73.33651960325258
833,56.29749173123301
834,263.8468106910829
835,269.8103785584936
836,72.59836184857741
837,30.690693813645776
838,196.83845342303334
839,79.2821771003095
840,313.18529100969164
841,198.47245741985594
842,66.09847026041965
843,187.43418720354856
844,108.09515040904262
845,36.927260039751154
846,155.91599591751947
847,36.30485178917201
848,47.98211460720846
849,234.2183962639324
850,274.92199689897177
851,16.968292834193925
852,177.649203199093
853,123.81978004867602
854,199.94192084273976
855,114.79870005181137
856,0.16591390305889667
857,22.089040876659855
858,-4.3930966967797795
859,184.28024518038143
860,45.60194843397122
861,148.3423307311145
862,129.7691389995788
863,189.98455754127113
864,180.43238813892617
865,19.251262522454102
866,128.86610826222523
867,114.71676514030808
868,50.74583978717439
869,160.03757917553457
870,215.14372803976465
871,-6.940691553950061
872,189.34403541693683
873,303.59070894384075
874,117.12080264484698
875,30.997830208683148
876,102.58347532662823
877,106.95077957460147
878,24.237886438100034
879,86.3008269045653
880,71.7535443081935
881,33.416822698886605
882,198.6962860424382
883,192.6611889885547
884,203.45478163690373
885,25.381999570095818
886,139.6679822870633
887,17.596134796041063
888,12.975114871012833
889,144.57805809357373
890,117.82439507242044
891,11.236980606695335
892,108.69017260883464
893,24.5041933606482
894,-19.58536276730407
895,166.10715074087625
896,55.162219574300494
897,173.74746894978742
898,220.67824028258434
899,67.55617813036807
900,305.8777868033339
901,308.0356036628529
902,148.19529025098663
903,273.0432525817429
904,134.16308012457893
905,6.410397854686761
906,23.042529289502056
907,70.80834092648533
908,137.7973659726581
909,145.9688067672793
910,100.75286140839825
911,212.32192127700816
912,93.6429923007024
913,134.02776452502647
914,138.27875241859186
915,12.333567718081325
916,194.90921856021595
917,129.17087786922525
918,49.31779775042728
919,129.42389730620602
920,65.4075020604371
921,-16.674922656024478
922,13.172648016590754
923,99.18031484508826
924,300.2862088483565
925,-19.315991399453075
926,124.03384118619951
927,171.31106185957364
928,6.891908895969928
929,285.0833538341638
930,103.30001409605947
931,156.5860977656793
932,51.82509704051213
933,134.67762986442074
934,219.3989126709885
935,68.36352206793089
936,34.97153586250047
937,29.255878173607112
938,33.92400314508487
939,143.77534292843922
940,184.12938047048007
941,19.43799943552366
942,276.55930080439236
943,294.8831263571508
944,151.65694027093835
945,41.7380706553407
946,176.71869579381294
947,68.16089476885693
948,226.96833086245275
949,89.9755047879537
950,151.2076954861959
951,128.94179932996366
952,257.5862777760813
953,125.96986459813513
954,76.5429110931857
955,131.75626324626162
956,-2.244697633820698
957,104.19963720616917
958,124.27151363065629
959,45.6478436220015
960,142.8763452153411
961,37.58142859574222
962,309.92670176270536
963,113.20801887883646
964,34.58642255709546
965,119.63857103552702
966,111.14146765835974
967,222.06153115139398
968,25.85995792954124
969,158.85029969310878
970,62.216462352933355
971,204.86883639605372
972,72.12608832563274
973,268.3706536212009
974,2.6595296908327626
975,300.8098207448072
976,148.27212024215467
977,94.52995289283987
978,123.7226630723508
979,39.5866391027562
980,127.32247341994393
981,296.95924060216635
982,162.07383324247172
983,11.692376795911606
984,33.096346358451406
985,159.29996662712304
986,55.50770219462738
987,119.0051863575445
988,70.3891987235657
989,7.5313970718559
990,3.8294919738087367
991,9.720969907530506
992,122.9664428724961
993,14.712882494650907
994,151.6354088940872
995,162.71776311622077
996,237.3181914538759
997,124.37064451421767
998,158.5694544881438
999,222.13692598799983
1000,221.03148120443424
1001,119.96656011751158
1002,115.94186383263519
1003,104.10070407554963
1004,176.42806396597067
1005,219.9579636703321
1006,124.60732108074707
1007,135.44712291369643
1008,107.80044049601644
1009,47.19202624276669
1010,72.24002652527591
1011,19.606791775611224
1012,43.634987172667174
1013,143.7852549053618
1014,57.49639790805013
1015,71.24288674055643
1016,130.2354170232429
1017,118.0250729065832
1018,44.43505911996326
1019,162.77403449709522
1020,174.62186347015847
1021,184.8481675174793
1022,31.2756256654526
1023,289.7362761936443
1024,299.4997274241303
1025,291.69032838108626
1026,89.16052510393688
1027,27.593292375186063
1028,183.83206633874934
1029,8.983609176088631
1030,14.171103146659362
1031,148.00878528523643
1032,28.907662203341726
1033,30.764691933891235
1034,77.63571469045065
1035,0.9518830137789068
1036,-9.643633484085026
1037,158.35218289193293
1038,77.77681715847575
1039,117.89279074500375
1040,291.8492240821954
1041,26.751084383935417
1042,120.83633527946154
1043,127.907832075431
1044,158.14451937757795
1045,59.87026194273935
1046,109.34077294588101
1047,25.227890248343726
1048,91.61724254574943
1049,76.07861479287833
1050,137.83593506953295
1051,157.80309377211194
1052,129.93012408348844
1053,150.8420668294543
1054,151.9023478683744
1055,10.767188506749433
1056,-13.496161390190288
1057,72.41841769555005
1058,46.376682639008735
1059,54.18038765316032
1060,137.27302994961693
1061,300.162835307985
1062,156.46542966155081
1063,166.68665275434338
1064,51.82172261107105
1065,99.8882520283802
1066,56.32785991475038
1067,75.54053391845976
1068,50.79368144268606
1069,124.07263030942309
1070,120.12049617212155
1071,35.793037243303864
1072,26.098335198903868
1073,169.15976356436835
1074,163.4019346372306
1075,63.74960865278406
1076,116.84216155535712
1077,243.20324072302387
1078,132.82246052157657
1079,147.97032701390359
1080,274.4718678330159
1081,44.17721160089708
1082,215.40040797195152
1083,50.274398999580015
1084,178.55117017863407
1085,100.35664722948603
1086,-8.576080221815944
1087,151.78090422690474
1088,22.338031991868277
1089,26.565831615479993
1090,41.597774160141576
1091,4.696877924400751
1092,116.57593408379292
1093,-2.267617859766759
1094,72.54415612957555
1095,126.64912103199643
1096,214.05240864143153
1097,4.6660956440697765
1098,29.82624000949914
1099,306.7299425861789
1100,20.557235790882938
1101,100.73844462998404
1102,154.82057138946695
1103,155.37937335665848
1104,35.940523888802815
1105,262.98782492910874
1106,85.8303089962275
1107,317.95580096931224
1108,161.29186806918983
1109,52.83617284554306
1110,96.10394250878318
1111,175.33020191813034
1112,17.141815143840823
1113,84.25891052126325
1114,177.12652911770968
1115,269.65039420011215
1116,69.90291573450153
1117,177.2643904068947
1118,114.6955290530942
1119,160.32522435467786
1120,44.14608391322615
1121,149.00237891839907
1122,117.45951540239788
1123,45.22215055798243
1124,144.3448254697296
1125,8.294948748217546
1126,52.29706915549184
1127,24.52352521551126
1128,163.881646646836
1129,79.03030915181627
1130,289.9857684536784
1131,-1.0756433315987088
1132,294.47012906847624
1133,27.593292375186063
1134,139.39390592181493
1135,220.83295197070134
1136,148.89274707981798
1137,50.950747390477545
1138,17.764098817241855
1139,82.80130992861626
1140,269.94308467630054
1141,37.83363919267585
1142,102.57418294679937
1143,113.95928451067255
1144,39.90078105857057
1145,16.476867240561045
1146,55.5704648071748
1147,-4.520852609932479
1148,119.71798251153356
1149,19.918757041099322
1150,49.204862150688086
1151,245.77962823683933
1152,165.8460579686354
1153,81.298640055424
1154,101.55667581559375
1155,54.244370884701944
1156,42.45625078447837
1157,100.38706699860221
1158,168.81635953633244
1159,103.10346093395789
1160,153.37273294874353
1161,133.18458201768476
1162,116.60793707329486
1163,104.3250713148905
1164,247.9903538126385
1165,121.34880801369333
1166,31.108033395899284
1167,306.2936416277813
1168,116.40409905385046
1169,42.1895043940733
1170,203.06275356691754
1171,269.0296388939064
1172,5.106241804781323
1173,35.751751371592164
1174,223.22323995445302
1175,89.72285309987414
1176,82.85935537011036
1177,-15.634170388411144
1178,166.78525550314208
1179,286.7078934199669
1180,142.26797809215316
1181,262.12906290739346
1182,53.18796613786582
1183,23.350831465414192
1184,133.19500041706874
1185,36.71136982649584
1186,191.741356009123
1187,155.5037227824725
1188,181.27018768300536
1189,119.3534979074069
1190,181.24559698452867
1191,251.0509581634755
1192,208.3830967780764
1193,128.12660343857186
1194,281.62507767927735
1195,73.68194759483468
1196,130.2616604385301
1197,50.12977098860602
1198,96.81195725339661
1199,64.39623367600757
1200,114.0371227386468
1201,45.6478436220015
1202,151.70772085828543
1203,45.97441847846902
1204,-7.241414383532677
1205,77.06481058321096
1206,155.0910366599005
1207,135.73758753583525
1208,171.41448774991724
1209,112.0424238061934
1210,-5.935262060028211
1211,53.54574391041445
1212,140.76775807188383
1213,218.21332724140404
1214,-1.5531815341659279
1215,132.61047694553727
1216,89.76337690161891
1217,197.75632298511957
1218,171.70337217587493
1219,151.74568400533076
1220,273.4250815439574
1221,84.1216473054827
1222,166.58314459673156
1223,129.43142173669446
1224,81.5617236742071
1225,126.41478255932857
1226,132.368052665557
1227,62.166230977444584
1228,154.34670948477572
1229,44.99414132374682
1230,32.4986703156523
1231,7.254360505388446
1232,290.8308306335617
1233,64.01486139803514
1234,85.88802867885151
1235,115.2211820443001
1236,157.8175588273714
1237,24.495278942404624
1238,26.59680178369785
1239,88.53061544155644
1240,66.6684943967367
1241,192.90221531699495
1242,167.05245053044675
1243,72.20643329957004
1244,267.59077125140664
1245,104.18250445176383
1246,80.21886801827358
1247,-4.850055587749191
1248,-10.507904577039705
1249,154.36114559586642
1250,108.01377119405016
1251,78.14414303840725
1252,40.69934215980584
1253,142.7098269408419
1254,159.28274228262984
1255,96.71104227981984
1256,115.72206950251832
1257,178.87186980781107
1258,157.85195676663417
1259,-23.106244918520588
1260,291.51168340213314
1261,52.902800174184705
1262,107.80500763072072
1263,43.005246003675396
1264,34.99547294577315
1265,20.14842376841788
1266,182.62754106052296
1267,316.26791240749816
1268,39.433103500947986
1269,348.50574909266805
1270,85.58053777590365
1271,85.27241102221917
1272,115.4724997766964
1273,-5.6842126002825015
1274,84.42852124580382
1275,196.89717210831566
1276,40.45584646708758
1277,117.14837912775323
1278,84.7988848560989
1279,5.1958705005176125
1280,61.6871809055153
1281,9.922120280868983
1282,118.98004157493527
1283,224.39868415495295
1284,35.29342927052979
1285,116.77224284011153
1286,191.1152337838496
1287,58.02348040031227
1288,34.197348427085096
1289,64.51211167442786
1290,187.676906572373
1291,107.4748546921785
1292,1.730237102876473
1293,232.00797266419383
1294,78.1036922125691
1295,91.72459434688571
1296,291.11861659662964
1297,38.24119752962373
1298,137.8397309092567
1299,92.3381029119591
1300,209.84390662837092
1301,32.94128333885131
1302,182.88875141894988
1303,83.21443425663158
1304,145.8275126829937
1305,130.99851858637018
1306,297.9163069210782
1307,29.747781305241674
1308,6.059219683831988
1309,117.4950084422608
1310,193.56526128160445
1311,190.9127836167305
1312,195.97108966194205
1313,10.179947803239973
1314,163.57216231312856
1315,138.1089543881036
1316,170.57070775927585
1317,22.949354093775373
1318,82.55795220736644
1319,13.819684300326328
1320,101.83317004462367
1321,169.90271450237
1322,44.516041051861265
1323,205.47943467681617
1324,146.08531917132154
1325,87.10955372298113
1326,8.26413452888917
1327,24.355485475526116
1328,93.03607146778566
1329,124.83429708253789
1330,21.770245873221594
1331,16.188800755721687
1332,175.53508743579405
1333,228.08921905192705
1334,27.113108243451233
1335,31.902130210695425
1336,36.85988347512221
1337,107.90771940117874
1338,14.787101212471057
1339,30.0354187258775
1340,97.22362972003035
1341,25.801529399144403
1342,209.3178415845439
1343,172.87986084237227
1344,34.438744948743775
1345,247.53396228551625
1346,44.40780974984027
1347,185.63299357828149
1348,42.473524727208456
1349,87.52013156648994
1350,198.37923692045462
1351,275.3802874604229
1352,251.32623870030028
1353,100.44239376619784
1354,73.59153807018775
1355,94.48510275940133
1356,123.10738501300015
1357,16.89258592963376
1358,34.7536656009007
1359,223.20492226275874
1360,24.771248990138595
1361,54.34315838274118
1362,114.2843701004973
1363,110.01355168480353
1364,65.88878248464151
1365,30.72070106016695
1366,280.58009981255367
1367,156.4367642045447
1368,100.22702425505823
1369,65.88878248464151
1370,58.293570136271754
1371,147.28442434336694
1372,-10.704844246329206
1373,24.614830682043703
1374,102.79613171780866
1375,137.9192810167127
1376,21.44656902166051
1377,244.85523781468032
1378,52.13060733357126
1379,165.7377355811753
1380,113.933552823522
1381,27.671698754095626
1382,111.7155351319099
1383,44.59474254774481
1384,311.21857189476
1385,259.2485593326252
1386,76.48229139030235
1387,197.35673230623829
1388,210.36819992103923
1389,110.39925188993202
1390,140.66781450688737
1391,50.48534798880977
1392,272.92083484252294
1393,8.539080239595162
1394,158.8359979725666
1395,183.54211262009102
1396,39.258618372637734
1397,130.31525502734993
1398,55.873928276707
1399,74.7686360607737
1400,35.12498579186464
1401,148.0783070902074
1402,170.8466355388953
1403,144.44061092735168
1404,30.57994762775253
1405,96.06227154248651
1406,41.100498026914565
1407,186.32044038658915
1408,10.387672430470003
1409,277.7473465968096
1410,138.9782296720264
1411,232.5823112172079
1412,38.19897027673127
1413,114.94275761436487
1414,34.05113525316225
1415,6.706999900617379
1416,37.10473735739429
1417,73.32716214296812
1418,127.15742313679333
1419,82.01174040400909
1420,-6.729768274222193
1421,199.1064416140637
1422,14.793227570296748
1423,47.00735507177385
1424,174.05695308768387
1425,62.170003711634116
1426,89.52084762853033
1427,35.56485250740095
1428,22.853066141163946
1429,288.4031697511064
1430,158.16870032536173
1431,230.22473197296438
1432,286.3827343696574
1433,150.84806008573287
1434,102.21221085263187
1435,64.3399660007086
1436,65.88878248464151
1437,241.4409100566089
1438,241.69745029112352
1439,191.44589097625104
1440,22.985705609667733
1441,101.69251839736815
1442,32.950400207190114
1443,30.344092614723042
1444,218.58767930441303
1445,120.24483101389288
1446,184.46995720625023
1447,114.96564297358643
1448,143.3913803286059
1449,11.25514588619134
1450,99.56130363218035
1451,31.933002695930508
1452,67.26740990588046
1453,254.13706569691698
1454,14.312119745089154
1455,150.07903389454455
1456,104.34314757303738
1457,124.93706368162417
1458,197.98878934209787
1459,130.1468455965507
1460,245.62677469465723
1461,274.25137387939554
1462,83.10675247762683
1463,106.08257921502495
1464,124.89127028253445
1465,38.97636612007335
1466,131.6834539808158
1467,263.3642333472064
1468,286.16927917008843
1469,165.5659287744746
1470,161.672366172813
1471,157.1165833401994
1472,258.0991647228084
1473,178.90294749737168
1474,82.65388145179861
1475,91.38793194292577
1476,29.820686393332966
1477,109.55539376694361
1478,154.66012038726018
1479,58.43554293421383
1480,88.06238812036734
1481,153.27249879999405
1482,115.98402535957558
1483,172.3873829867339
1484,26.68106880602245
1485,111.65292891682094
1486,74.07148288480502
1487,132.83634946026748
1488,23.631671319143386
1489,126.7267243348506
1490,46.890655224656356
1491,236.24192861279718
1492,153.67235965915134
1493,134.18770248220238
1494,-1.4930230007292615
1495,115.15820254169488
1496,115.17607907673928
1497,282.5115501054281
1498,179.48772873869027
1499,-14.161857947536557
1500,33.92400314508487
1501,222.06153115139398
1502,77.58299024604352
1503,72.77053614885466
1504,23.190230017249604
1505,82.79982931477899
1506,14.741366563757692
1507,-18.922462317653107
1508,205.61232652707935
1509,76.74606007244486
1510,34.97153586250047
1511,153.44363308329156
1512,214.2669038419903
1513,-1.1779288692835324
1514,88.6746053649439
1515,178.58153006843014
1516,108.05909792183697
1517,70.89027475871472
1518,264.84506264923925
1519,74.88731742124078
1520,105.0858327997435
1521,225.0904119427732
1522,296.71098404339745
1523,308.85851850893283
1524,187.88475399674266
1525,121.94709591886685
1526,132.5334744437691
1527,185.1394160834299
1528,31.843261782771478
1529,136.4858506844822
1530,33.73813520283827
1531,117.61424370968132
1532,48.41760849008992
1533,19.801319811611318
1534,199.40109265694477
1535,20.9499199863535
1536,272.28571723699065
1537,262.54295291799434
1538,180.8546192283512
1539,21.371991670166473
1540,147.59049084901181
1541,181.60799773853492
1542,36.018518359283355
1543,148.61986738559173
1544,96.88590225991118
1545,117.31999619044946
1546,50.709403900318
1547,63.86623826705966
1548,70.68833467229636
1549,71.01856886964428
1550,125.71955197965339
1551,46.427175165861954
1552,149.295824822443
1553,178.86444918362298
1554,117.33641695514254
1555,207.67332100477526
1556,101.50660558916655
1557,74.70746499315324
1558,38.34115546496509
1559,32.99622910654664
1560,303.0260429628469
1561,147.58943364311614
1562,43.66515150348985
1563,205.90534034101876
1564,145.9312688782525
1565,168.7577215656414
1566,41.597774160141576
1567,137.00591132188035
1568,21.577601693737265
1569,177.6969378199669
1570,164.28295018168956
1571,133.60841141379507
1572,171.95082995260924
1573,92.99687233644097
1574,132.00968346711784
1575,164.6701465846151
1576,186.71693634917185
1577,187.43050455773835
1578,14.315385307865986
1579,27.253298887694566
1580,72.60832086783172
1581,77.27205558096976
1582,64.67716435586927
1583,167.94602246000184
1584,17.69907365599871
1585,144.79376994029036
1586,196.72440743193582
1587,86.23576559336708
1588,52.93884040879149
1589,19.539686001677648
1590,84.01961576299351
1591,130.528977959822
1592,9.742423297329822
1593,220.28067390320803
1594,206.57327087976321
1595,135.3115586358515
1596,189.86549082205232
1597,142.44364496526296
1598,256.7294881528596
1599,199.57238068710643
1600,82.21920973330691
1601,75.4331824770549
1602,115.63120872727856
1603,119.65241269017463
1604,175.57108653812293
1605,147.8240939651981
1606,31.56223518186648
1607,46.51029019999102
1608,133.7123538872213
1609,175.1558843683598
1610,74.43756512064778
1611,78.50526977819655
1612,166.24784692651153
1613,76.95361906161182
1614,58.294540466556604
1615,118.15844122639726
1616,277.3130300709653
1617,29.397606855676766
1618,64.88775937491307
1619,106.3435443561631
1620,187.38884268202673
1621,59.00222172023179
1622,138.38350331957227
1623,78.44550629717699
1624,34.47373938410589
1625,154.6985315280393
1626,2.0444277664952235
1627,16.256070338645905
1628,171.24321376938263
1629,207.2570547051354
1630,108.94312258696547
1631,210.70699356158752
1632,28.166732784876515
1633,19.90932851669983
1634,204.34595509364937
1635,144.91946632851327
1636,209.25215655834833
1637,47.900696202555345
1638,124.86855604345088
1639,66.56694755648672
1640,76.47549454401818
1641,78.12744222583315
1642,28.680477916791514
1643,63.77045811137552
1644,126.679994039644
1645,98.79781966673617
1646,130.64667825938855
1647,24.85895482276399
1648,69.60583173725836
1649,57.60808623318965
1650,-7.893951996715254
1651,180.8562884672996
1652,112.17638977139765
1653,66.50688755011586
1654,195.17102662949466
1655,75.0103760534926
1656,87.42971954518079
1657,137.93706006830203
1658,59.091846931088625
1659,206.13632503070784
1660,20.290780368081016
1661,117.59022747617794
1662,157.86596520394178
1663,44.342679663797234
1664,157.7269984546879
1665,107.17986830892387
1666,33.36758668534258
1667,99.23772490010137
1668,130.31185766561413
1669,7.5884413421552015
1670,102.51014338014073
1671,133.80621887370816
1672,-0.23955157321600268
1673,15.195499382944826
1674,155.4575347752964
1675,0.40203056344610344
1676,18.671984581573977
1677,15.47362498214848
1678,121.44177984939016
1679,282.9185415927904
1680,56.76787528773912
1681,9.13326425941778
1682,273.66830555832104
1683,18.7256935139093
1684,28.540936734057293
1685,110.19066793245656
1686,54.41830295793154
1687,2.900925496119367
1688,197.8502407032665
1689,99.13047181831357
1690,202.13121109193906
1691,92.2766175026412
1692,157.21678991725403
1693,-5.616907413587805
1694,129.97938374184642
1695,197.32909890832428
1696,2.9839972958454006
1697,293.10099006636347
1698,156.74638637223163
1699,22.9467776722388
1700,291.33702234461543
1701,266.81216705042516
1702,46.43376338500776
1703,2.2739588565004265
1704,56.94641781717148
1705,173.74570723738879
1706,167.67434309692018
1707,73.05194630163685
1708,90.24401343604909
1709,114.92346430288201
1710,162.89993387202182
1711,252.75604804060777
1712,44.56222807806442
1713,76.88386216655284
1714,117.51273780780197
1715,274.71387270138626
1716,139.80163547357301
1717,-3.7383988135467408
1718,8.307141925673282
1719,31.051267694375564
1720,67.27641261861153
1721,7.4827686755092095
1722,175.42012277270524
1723,81.5363020775184
1724,51.51113884906375
1725,256.36531543211373
1726,43.6478735354891
1727,198.7114669999423
1728,96.91537074286968
1729,44.742717371682076
1730,19.745987222794195
1731,25.19054297129548
1732,161.22927429578195
1733,38.186467487910015
1734,180.6961935738013
1735,63.57591444125504
1736,32.837416847267875
1737,162.8270124596802
1738,124.95332460524126
1739,30.385679084439495
1740,135.38610297694223
1741,78.46251997137865
1742,77.3255887778422
1743,59.642756337032935
1744,147.44746361177792
1745,126.3524078179647
1746,-3.971724073451014
1747,114.97698370983859
1748,109.12304472270698
1749,127.71908949003797
1750,163.51005557736406
1751,10.55087399752882
1752,-20.120522571552684
1753,174.32833116159543
1754,76.41090761982554
1755,61.555483416847494
1756,48.65799829717481
1757,190.86072981584138
1758,82.95933325819239
1759,95.05507601429822
1760,284.3659806634446
1761,137.414622690998
1762,60.923719897256305
1763,162.34795383846347
1764,90.21721826164185
1765,158.5278914317127
1766,112.99310819609423
1767,36.29028240396391
1768,-3.216591946960823
1769,227.46113384755776
1770,-3.663277670093978
1771,264.0168610680491
1772,4.182254062979608
1773,175.84722589770095
1774,98.28928707690956
1775,225.25149040278427
1776,316.86126202216843
1777,29.508219603437592
1778,70.88077248850273
1779,118.82398687134004
1780,40.47084933233913
1781,221.4843845556077
1782,8.27491360043027
1783,68.78864990640669
1784,7.803996002053315
1785,31.735689833200162
1786,108.06044742391333
1787,191.66784904295153
1788,86.12841861003906
1789,89.44171455211978
1790,192.16556272423608
1791,27.29247982139792
1792,21.935695029953592
1793,201.5343747004066
1794,78.75415991236306
1795,106.52436309318594
1796,30.0354187258775
1797,97.89476108946617
1798,115.60638167432687
1799,39.92654033218785
1800,113.65376951763285
1801,7.147276681222272
1802,150.98741446767414
1803,104.65186860269974
1804,6.28852591556256
1805,102.58640469505882
1806,25.03603015476911
1807,100.44156582741974
1808,102.43583245074046
1809,36.89900665582131
1810,134.16648608631957
1811,12.51271990813185
1812,-20.973243719740008
1813,40.165180420594176
1814,9.64238351033488
1815,166.6504768110734
1816,112.66854929668328
1817,66.7922295414603
1818,25.749850365334908
1819,79.58051368096285
1820,171.01808823293095
1821,112.68820726789089
1822,165.54800320357444
1823,173.9747697104691
1824,75.90797003208222
1825,22.971260383180276
1826,175.65279066137316
1827,291.03076718862144
1828,96.62923881197536
1829,43.62302143391693
1830,198.8265639754886
1831,137.96065942031206
1832,96.07129826162246
1833,148.5031678073814
1834,255.64994412915797
1835,249.40813314940596
1836,41.95826866057526
1837,111.87139174350625
1838,181.261672809696
1839,168.437841235323
1840,21.09117632872801
1841,230.72584171583122
1842,157.1362654683333
1843,165.71008259351262
1844,122.99625662966479
1845,71.7910023887149
1846,24.307986678458306
1847,36.41435687767555
1848,104.23537004997856
1849,292.53853996393923
1850,60.41845227759493
1851,112.00464573679768
1852,172.17860037237207
1853,107.04105031087586
1854,208.79529924098784
1855,282.47518351245225
1856,75.93996464475418
1857,29.96513067421881
1858,164.68683394364015
1859,43.196352012176874
1860,248.41960262701534
1861,163.30520032296397
1862,93.54081351774755
1863,154.5225043499972
1864,223.21836682876634
1865,93.40168166424665
1866,269.65039420011215
1867,53.90295076521318
1868,40.69580578001888
1869,64.08802010057867
1870,178.85187312063866
1871,234.15262697131655
1872,73.44764663799259
1873,190.77868979358385
1874,82.40393785207067
1875,129.55528976827694
1876,7.377339975161476
1877,231.2392148204373
1878,30.325832903171175
1879,99.26691864517258
1880,93.66416981627404
1881,14.573282381898899
1882,78.14606491601204
1883,47.97173278777001
1884,271.7538394261851
1885,138.34576405780575
1886,-32.55121719823784
1887,75.4033453406526
1888,125.43965427219273
1889,12.982065970231359
1890,107.99594960580221
1891,130.2506163700502
1892,296.7733112750397
1893,282.01075033681695
1894,197.3752319251908
1895,155.51335362537117
1896,74.61186775120143
1897,56.99063963208667
1898,14.954675354756132
1899,288.94273609054756
1900,150.02234788949627
1901,58.390053516520275
1902,122.89480952595926
1903,269.65039420011215
1904,176.83015178181788
1905,157.25154250376173
1906,164.5212559495274
1907,259.2485593326252
1908,303.323135331589
1909,117.584937163808
1910,204.4631263287632
1911,26.872265439118305
1912,113.01930669618109
1913,105.02944679423412
1914,119.80661495074787
1915,151.21746391816797
1916,-7.4838371581178595
1917,37.7838331068808
1918,111.96070130791209
1919,92.27582837924241
1920,152.22561891478833
1921,62.686990531459685
1922,-10.95204611995602
1923,220.97137891771888
1924,44.87703468405046
1925,213.42559755870923
1926,70.7314319474944
1927,41.403401882320786
1928,210.31092463563198
1929,115.5699987070245
1930,33.29123679086111
1931,133.5147193254193
1932,126.37382137258687
1933,133.76713742109115
1934,37.4143470484985
1935,147.5652529787125
1936,106.4308229905398
1937,6.974619785302958
1938,101.11816220664332
1939,27.40606832575434
1940,85.29949612202782
1941,114.3322000492896
1942,153.47134918231947
1943,289.67966291276673
1944,42.86070658227758
1945,98.19716246020876
1946,160.1179950701436
1947,194.45075647286757
1948,172.5135771852193
1949,93.00976396205641
1950,131.33509227150526
1951,63.28398214928377
1952,83.0496488123715
1953,134.1380357661315
1954,155.79785443103225
1955,103.56085201862669
1956,25.983098008361413
1957,44.20470767848817
1958,108.38315513552212
1959,105.29580603464264
1960,40.24116761613614
1961,129.15590370688386
1962,161.75485829236723
1963,77.01167406422779
1964,177.62727531745395
1965,56.4887983471964
1966,78.84044239715982
1967,40.92348603305594
1968,318.1843613505096
1969,81.70421951299501
1970,30.17599606881705
1971,156.13967192851408
1972,24.397929088512406
1973,121.1156147074053
1974,53.64016899171124
1975,167.75301847353415
1976,231.65187488109734
1977,2.538385526074621
1978,292.8620505922126
1979,161.0863924074764
1980,210.16259439967226
1981,34.504068503494516
1982,131.83992167897048
1983,157.48680388278797
1984,31.86371135464476
1985,122.18758820377525
1986,179.4426682025745
1987,203.06338811470067
1988,41.909014587357376
1989,288.1782615516697
1990,87.54276351220015
1991,202.4682643439689
1992,144.33945562124882
1993,13.166001812042422
1994,124.37835606923045
1995,196.37609075691506
1996,-19.0577209415637
1997,3.191355345199672
1998,51.06371131329609
1999,77.91126253410744
2000,288.16956223142824
2001,152.86368293256697
2002,45.325779754761136
2003,186.21091882711522
2004,93.81354311699288
2005,35.60216424578534
2006,40.71974444508173
2007,149.63759330406646
2008,46.75068194059287
2009,161.59580588996903
2010,90.89557383556635
2011,146.01896601390192
2012,184.72172896778767
2013,180.5122955776024
2014,150.71678502742768
2015,-15.0141579746291
2016,83.00972151421195
2017,20.91892805401905
2018,211.85856334048344
2019,113.45356770297724
2020,150.40934559207895
2021,6.94822435540988
2022,116.08169226861531
2023,53.86728063879839
2024,177.56862042055027
2025,10.003942735176022
2026,132.61453991830146
2027,14.623613711700028
2028,77.278953413572
2029,66.45608658318713
2030,27.19328422763383
2031,169.6762700272918
2032,237.1885926141008
2033,6.064768145411302
2034,194.5908450944223
2035,70.13101102515859
2036,266.5527723111078
2037,170.24150048827485
2038,232.9145265965783
2039,21.50626076416577
2040,38.66147638151071
2041,34.02378542582979
2042,115.07354686302307
2043,138.42770412159985
2044,4.474373207665699
2045,128.99600103872862
2046,21.765345164744186
2047,128.43004816032942
2048,283.3321359967677
2049,55.94829926131722
2050,20.19856797272336
2051,14.171103146659362
2052,37.1676272740496
2053,70.81984987105626
2054,-6.993422345029621
2055,40.16649394431445
2056,38.24119752962373
2057,278.4812532356485
2058,15.167478219485872
2059,43.5608911165966
2060,3.4592853490273616
2061,127.09126474479514
2062,92.06688008894005
2063,68.15058206098539
2064,80.66756978977634
2065,13.118159105123397
2066,25.780109881258408
2067,68.03101504395998
2068,171.5685297692232
2069,186.222939726856
2070,-9.214598315133452
2071,98.42230826923807
2072,0.5045984471079471
2073,100.41502027699994
2074,62.57334393291894
2075,2.72475237400088
2076,125.88612092973428
2077,69.62489189225322
2078,200.28747204081014
2079,47.368153917869456
2080,147.14225007661193
2081,98.13911572605052
2082,18.255078938027772
2083,78.95912173540185
2084,172.146929643318
2085,208.85944746277454
2086,33.91523547407703
2087,251.38878234733843
2088,174.04124949140598
2089,141.01899080425227
2090,37.67635654556349
2091,53.146387814218045
2092,268.30878423647977
2093,32.66791573508692
2094,98.37664258572195
2095,51.80796724171075
2096,228.5410195456765
2097,87.58938489614563
2098,98.20083314591882
2099,282.3873465115511
2100,46.36477752210771
2101,273.93857266469473
2102,152.86368293256697
2103,34.12184792974484
2104,112.90559336102002
2105,124.23063157250259
2106,58.36147342685413
2107,137.37017289177084
2108,132.2623108401134
2109,79.31706765584681
2110,204.6410825570589
2111,120.1801336844166
2112,186.34877377868875
2113,35.031496970379195
2114,176.30462276014012
2115,65.88878248464151
2116,40.92327462435443
2117,175.91181744254365
2118,56.70669309442887
2119,3.287962764997483
2120,67.41346298016258
2121,41.20617718522684
2122,46.327692068296955
2123,100.05257596385411
2124,50.709403900318
2125,24.324356471364528
2126,49.699980802700416
2127,182.69851767120858
2128,20.413238613834487
2129,3.431546175613501
2130,43.280862989164966
2131,255.17041460863712
2132,101.83317004462367
2133,14.442875617614122
2134,135.41658111774768
2135,-0.12413566164747031
2136,26.098335198903868
2137,145.13859972387985
2138,142.00460457059003
2139,59.992505062532764
2140,53.307323378131755
2141,136.152366138463
2142,179.31627031803146
2143,44.558224162694266
2144,12.435477697745435
2145,44.56222807806442
2146,26.291475081601533
2147,72.13770919475402
2148,-0.019606435734781037
2149,29.490395810460292
2150,286.4056744130034
2151,81.09016630965287
2152,159.88095494464017
2153,64.19587456612986
2154,47.58307280543497
2155,94.61405744899248
2156,135.79885068431048
2157,125.2517014581805
2158,52.758107633495555
2159,-3.9357696721458333
2160,228.5820785035195
2161,100.86664100132813
2162,76.52110214563186
2163,97.81447883098231
2164,2.5027220629512428
2165,-2.538297081256592
2166,299.4547519496814
2167,284.87749300784026
2168,90.17341367257362
2169,161.9306739680302
2170,137.61306535641236
2171,88.68430505303908
2172,132.55801502050414
2173,50.22147002000433
2174,82.05807737221832
2175,50.83504997522234
2176,90.01935445274171
2177,144.85507401228517
2178,89.33564945210844
2179,120.82015361271424
2180,102.15178010880592
2181,76.24032990166873
2182,107.63782013438205
2183,148.46467118216577
2184,18.014275020649155
2185,290.6399867527474
2186,175.007369534921
2187,86.8681068373455
2188,74.02418715257956
2189,140.49521820052922
2190,4.699254442425748
2191,183.61730937970526
2192,60.06805833045376
2193,73.78708842470779
2194,155.51476944126262
2195,219.98680131178753
2196,113.55713522716475
2197,369.3552522387903
2198,115.8471327152726
2199,280.4234441805689
2200,22.82884376839115
2201,71.82662912331647
2202,172.11405862659913
2203,164.40621522754876
2204,46.89316707466206
2205,149.30726377437773
2206,11.160226209427272
2207,122.69001493684202
2208,134.38358204448053
2209,191.1207887948364
2210,117.14214912571977
2211,189.10819206592942
2212,49.824918283552094
2213,192.53070593830716
2214,158.05331453382038
2215,195.52911860074448
2216,138.17888773103041
2217,17.41421476605303
2218,97.93995274649367
2219,139.45080412607797
2220,155.16906724870978
2221,146.93900993015166
2222,4.9786218484680465
2223,105.92392116766062
2224,195.46867114306397
2225,295.7974316553492
2226,52.500608119626726
2227,308.68584920146156
2228,126.49418285018396
2229,213.68478840134756
2230,97.85898124755992
2231,169.95673587115056
2232,144.84928316131536
2233,164.96167492358586
2234,-0.22746333647857545
2235,218.49937117184353
2236,167.5969463701199
2237,80.31750020288047
2238,163.57634993703272
2239,45.325779754761136
2240,-2.490940040429588
2241,94.46726742950996
2242,154.28028703538467
2243,63.225434258249976
2244,107.96422614416768
2245,17.36069589472394
2246,122.13542969183683
2247,25.68355083699164
2248,189.84028260019332
2249,5.461782738274252
2250,266.2447584493936
2251,5.561192598754204
2252,43.06513992837052
2253,150.38598511107344
2254,7.018027977395537
2255,131.61248080243197
2256,184.05495195431905
2257,18.118341835667184
2258,274.20132017188945
2259,83.7239219783053
2260,137.9392119375066
2261,8.937151501144978
2262,110.96638928727236
2263,312.5492166751067
2264,108.09673311102976
2265,270.289662317432
2266,163.73004773080152
2267,249.37951744892948
2268,210.34039171524142
2269,171.80715035104632
2270,-3.5006729442991404
2271,24.735419864925003
2272,51.4030949774003
2273,27.880333343007003
2274,-8.603904904464217
2275,188.07292094448962
2276,103.455664217383
2277,255.08765364908697
2278,122.07689408486729
2279,53.714239820991715
2280,17.139903098285558
2281,1.4217864247721266
2282,88.19694849447005
2283,43.02137196662558
2284,299.5026342495494
2285,50.251842108714044
2286,184.33951114292532
2287,83.19894230049458
2288,0.13691976871793116
2289,39.515271586767234
2290,137.0195493028151
2291,211.1431694494886
2292,120.43003395639978
2293,128.34186404391403
2294,97.14736705221152
2295,51.246048192174214
2296,164.08924304161948
2297,82.86514952489121
2298,210.59002483428975
2299,138.14419374033318
2300,151.7448838218927
2301,134.18215735412684
2302,122.34950222793061
2303,-6.901986217090752
2304,-3.5691241106607916
2305,150.56283362878995
2306,28.176025982304644
2307,24.889917711077743
2308,111.70052851697835
2309,81.4814389609246
2310,89.72285309987414
2311,48.02602401417194
2312,19.48312403060487
2313,27.59207612134631
2314,315.2113636404824
2315,18.80452552891179
2316,17.36069589472394
2317,148.90987412297807
2318,235.1343432141006
2319,203.30627781956892
2320,155.04471970452087
2321,-19.163725105219644
2322,151.58519993874066
2323,62.31037575646654
2324,170.4686590095689
2325,34.93345521269775
2326,270.9918172909715
2327,43.512458529284736
2328,61.555483416847494
2329,91.47613172727945
2330,187.38662446451988
2331,68.7871521841801
2332,42.69115671139588
2333,150.51076812432262
2334,180.42335311682874
2335,194.38863384624904
2336,100.87061501497276
2337,159.9842091397945
2338,42.035750265250186
2339,14.96344420282998
2340,227.5942633603965
2341,38.360571013529245
2342,227.47535575831748
2343,214.5159730643569
2344,0.3382697757838688
2345,152.93332810884107
2346,136.13292433751627
2347,53.18796613786582
2348,118.23393538121216
2349,124.54854907012407
2350,-9.316004135461204
2351,101.93692847564284
2352,129.80731471884982
2353,94.47922507534904
2354,138.6969006979559
2355,82.80774443462332
2356,142.9959444230762
2357,110.43990848316535
2358,21.242641318725834
2359,135.0953509266603
2360,118.21396862717368
2361,78.96118586038826
2362,251.07485873430713
2363,26.449533915171816
2364,77.45643649849649
2365,79.44220869327148
2366,-15.637339625268599
2367,79.99521254286826
2368,288.62609494891376
2369,107.8651702126215
2370,20.185329884713152
2371,4.52501360548152
2372,74.18659287644135
2373,44.697075663112926
2374,156.29010078897727
2375,114.1640450110378
2376,298.9826976131088
2377,130.8265193997101
2378,28.040152651776314
2379,56.536599807854934
2380,-20.042958467753433
2381,25.477977205631106
2382,90.57429519239587
2383,205.81732284517068
2384,60.9838287686258
2385,117.01936979637769
2386,237.75039567317106
2387,42.26340787747648
2388,232.72126550859525
2389,155.29248585421735
2390,120.5746561139301
2391,106.67927484383823
2392,70.28114983297584
2393,73.10106119541894
2394,187.33582028692786
2395,20.261873159858
2396,79.13246958074897
2397,140.88389782581942
2398,42.24027772464477
2399,194.83871616523572
2400,83.38104557218809
2401,63.79266402057144
2402,280.4005915628058
2403,203.5799075420896
2404,221.81233537088718
2405,53.32854348080537
2406,197.32309466075
2407,183.1864567409117
2408,307.5776997626008
2409,133.82694088642432
2410,74.31836937054332
2411,61.405289837427794
2412,119.79983645115763
2413,158.3436172133788
2414,13.630193318116506
2415,117.71297938609372
2416,241.20190478058095
2417,122.66708488480029
2418,280.32842349749586
2419,85.07366527459064
2420,56.691163908118945
2421,109.66669684948958
2422,157.06228422593935
2423,209.25227316769863
2424,115.95836123655644
2425,167.8762187525694
2426,41.45659761504413
2427,24.4407121092509
2428,204.08519402538002
2429,161.78716004841934
2430,268.1575659301455
2431,48.650990030145906
2432,33.50109037446228
2433,184.22326199878583
2434,115.61193231379565
2435,94.86528276233636
2436,121.05148859953961
2437,137.81405886340673
2438,32.948711389965844
2439,3.8805749257509508
2440,42.01403090946164
2441,161.9322552456594
2442,149.83462086823837
2443,11.843663336438906
2444,-15.665475957288054
2445,77.87795255632729
2446,58.08919270914836
2447,184.9111832454535
2448,162.69747866727076
2449,31.2756256654526
2450,31.43968090168581
2451,138.2154362301484
2452,20.34208078797312
2453,9.877405732361915
2454,134.48788796755352
2455,56.26330730903918
2456,25.36583874101248
2457,195.4868868940066
2458,191.04028238227139
2459,75.41494631499643
2460,134.31802412081288
2461,40.644870786747276
2462,126.21101993733933
2463,182.24793347290125
2464,37.658463922505156
2465,186.97685607666514
2466,-12.804183357328695
2467,187.30880639020884
2468,164.73478000684958
2469,129.36873280616322
2470,45.34333161316532
2471,210.4348849810035
2472,63.53119255826965
2473,159.63610154227482
2474,102.1485579125988
2475,78.92219137162542
2476,21.417526266994297
2477,69.05326376620532
2478,102.82772893450817
2479,145.9007088201957
2480,170.61264765115007
2481,25.557001691535312
2482,65.19006262008176
2483,29.255878173607112
2484,194.5314408087068
2485,174.7129705070215
2486,194.82803530535972
2487,-18.780937601652063
2488,31.257905175901143
2489,76.08214104944047
2490,155.14672461065936
2491,6.403763106104993
2492,101.6251626400812
2493,152.39898151798678
2494,200.61073571797493
2495,190.55621843625747
2496,124.4720197286196
2497,66.83170996846982
2498,216.06175191007137
2499,306.4543920693075
2500,3.2942789906970806
2501,94.46726742950996
2502,122.79970407711359
2503,292.8260437630623
2504,121.62173633072054
2505,275.67866148156924
2506,288.4830180654953
2507,129.4531195174542
2508,19.816196248137945
2509,36.77045103595466
2510,14.728829645299747
2511,178.83232754922977
2512,246.41115281058953
2513,105.74773644819933
2514,167.71901210854688
2515,13.819684300326328
2516,4.999648334728753
2517,254.8744805585068
2518,190.01256378481463
2519,11.917772563576944
2520,101.69357767779128
2521,194.0424695070102
2522,57.49081144859919
2523,24.842839153543053
2524,192.4028520616069
2525,96.16119397301583
2526,130.31726929389993
2527,0.16507679013182744
2528,181.8072054242307
2529,42.0720569131381
2530,160.66620447369246
2531,244.6928079988341
2532,82.27717404768174
2533,66.74715211848597
2534,153.58380618966152
2535,30.17599606881705
2536,191.8670600552286
2537,59.22296761474751
2538,170.80289881161187
2539,312.71520697275764
2540,123.25303033667927
2541,20.1364927584563
2542,44.48628472938509
2543,97.11983988455677
2544,117.13800208064752
2545,27.586318940086496
2546,65.88878248464151
2547,153.3022818234022
2548,6.535685743788284
2549,37.44229262580469
2550,-15.637339625268599
2551,44.692918099033506
2552,208.71347662934957
2553,163.61404731934928
2554,74.9909908263843
2555,54.6561067075184
2556,91.82165213617357
2557,46.75068194059287
2558,114.78715483404771
2559,46.835220174096186
2560,220.64489092051446
2561,108.78491823274491
2562,331.31748144514717
2563,57.87403927028268
2564,168.51394280988814
2565,20.374889787711762
2566,173.50552606682166
2567,170.37598614863273
2568,129.41050715599883
2569,166.10039859458374
2570,22.459918523022363
2571,28.19665371356458
2572,100.04950654797666
2573,129.77331194498427
2574,184.6090895275147
2575,6.925104310545797
2576,136.8751086544313
2577,203.40091776743472
2578,107.7825181866622
2579,64.06740473138315
2580,183.61116268549188
2581,159.75372323738432
2582,83.5083301140486
2583,85.59493527612895
2584,139.53870389589716
2585,24.21698714009906
2586,90.16767508151942
2587,57.05573063776342
2588,8.02962260851969
2589,207.00212180016655
2590,205.28677551754572
2591,267.4089400276709
2592,32.99842486813634
2593,150.89837669711963
2594,-15.407511469206813
2595,180.14801902719364
2596,165.18336738982637
2597,133.92716695306115
2598,75.74159860084082
2599,51.180868706032435
2600,30.667465661378163
2601,11.458951041586303
2602,-8.489091613324666
2603,133.94860362696818
2604,-6.592377436535106
2605,15.620944159129696
2606,114.97525224568577
2607,93.64644353874154
2608,86.69267856003034
2609,118.4894366620391
2610,164.34514380625083
2611,186.29563287185024
2612,75.44359272619069
2613,224.3152636021631
2614,51.32857339429297
2615,-0.4034368960396249
2616,187.68042637432106
2617,281.45539514156127
2618,108.98421515911505
2619,56.536599807854934
2620,64.25506661682533
2621,39.85607827082975
2622,27.99631941965455
2623,20.592317580474074
2624,42.76191444170775
2625,272.7805258849161
2626,188.9843552506792
2627,40.3309816998599
2628,77.38652261807668
2629,92.58658117920271
2630,3.3799092782784634
2631,154.97012545787368
2632,47.485704472178085
2633,204.53066905628938
2634,114.61849730037096
2635,4.7133290489205955
2636,124.55588378637344
2637,60.064126037220895
2638,97.84503963831747
2639,17.369144414760846
2640,36.06720097008808
2641,120.23235533437338
2642,94.99163937956271
2643,14.641125455229618
2644,-13.621649307981711
2645,37.658463922505156
2646,161.12096995724232
2647,98.08827968392984
2648,307.2395428005126
2649,110.91990325341851
2650,42.93629693581651
2651,-4.964242503770416
2652,87.01271743811054
2653,37.246638366499546
2654,222.1413494269648
2655,77.91085704589196
2656,174.46910618196006
2657,8.26413452888917
2658,193.28465325125012
2659,133.86574450205495
2660,112.29706605507499
2661,186.48319087587194
2662,77.06304332490927
2663,17.064338233963042
2664,63.122397942520685
2665,90.20572880269964
2666,78.51249548323153
2667,51.682827147009384
2668,1.2959030259529942
2669,270.14544242024317
2670,133.47043348879285
2671,53.36922102866482
2672,138.22709797158038
2673,37.65170235800999
2674,113.8425296884092
2675,-4.075414512831623
2676,145.50538854275763
2677,68.77166391035671
2678,51.62291391846078
2679,177.990622089225
2680,288.05150301766497
2681,65.30484837947907
2682,90.01010108595173
2683,206.65097001655354
2684,96.8753000399767
2685,119.2637239027214
2686,80.40723291361476
2687,62.05198407583777
2688,205.81814134006865
2689,30.7344477057508
2690,141.55703784153692
2691,113.57847577102848
2692,98.24990011783282
2693,147.95970081397564
2694,29.03384825764463
2695,117.24764862503754
2696,192.3812259921856
2697,40.69537599014617
2698,91.24020630299411
2699,54.3405083963058
2700,162.8307742650247
2701,221.64583611572365
2702,124.03383176287092
2703,312.96764739021916
2704,32.61586771426006
2705,192.61823627124153
2706,25.816276293826153
2707,166.49037064002485
2708,116.92322738940236
2709,293.15558690102284
2710,228.2614508731702
2711,29.508219603437592
2712,49.20070840936197
2713,102.7164492193976
2714,27.708554562116092
2715,51.32857339429297
2716,172.9620435368567
2717,105.61046987202413
2718,106.52593558157811
2719,205.92307944098198
2720,156.8230902993766
2721,25.545677618895827
2722,144.79670226689316
2723,91.23874853395127
2724,65.63357878736043
2725,207.4682085524112
2726,126.879838409362
2727,137.2044833280734
2728,141.37955030018952
2729,26.251027479635383
2730,146.4250117684898
2731,140.73664321430397
2732,204.00951008934547
2733,54.99855730672739
2734,182.48468877416084
2735,337.249671916228
2736,117.25141944883563
2737,131.49036213952945
2738,93.63845962295666
2739,112.19101937182053
2740,90.39216647550927
2741,41.93318655539865
2742,192.813219726734
2743,174.58283498579303
2744,35.102019733539656
2745,14.04607696894759
2746,131.1717482037928
2747,123.34151068809389
2748,26.565831615479993
2749,181.31153105513704
2750,76.73194547056492
2751,58.999988025572485
2752,11.556998642288372
2753,205.80986818468728
2754,260.1171439162798
2755,87.1824650052581
2756,122.46565001327349
2757,272.338702415833
2758,9.729980374853268
2759,254.50163733440334
2760,27.113108243451233
2761,114.86756061921133
2762,19.328963999304097
2763,181.0590838986562
2764,303.04181686957037
2765,72.5091579111178
2766,127.144322573832
2767,95.51742039294035
2768,21.11913717696562
2769,67.73071448164374
2770,-11.450451763772188
2771,0.9281911592499449
2772,108.80288645240458
2773,219.8705534881386
2774,80.90052671477861
2775,149.8617753660035
2776,188.35596159439476
2777,24.933285105763527
2778,289.9590391643065
2779,146.37091600979494
2780,182.23189086841032
2781,141.1418604244259
2782,101.35199074694366
2783,293.6037321727945
2784,59.01257314225664
2785,304.5112673302383
2786,157.11919706134964
2787,183.368876475541
2788,45.5206737285127
2789,186.2808408992412
2790,152.00426372119827
2791,42.94269279803378
2792,160.02991612985622
2793,181.098281823779
2794,45.84884752541028
2795,22.81075733910093
2796,19.7899009449575
2797,9.848699194288562
2798,87.03167250821038
2799,148.57432239928949
2800,193.86216772035593
2801,27.345057684203645
2802,144.84552716614715
2803,242.87668003498288
2804,51.20243722066131
2805,10.81426927769017
2806,200.46738410292335
2807,113.20801887883646
2808,22.210094920422495
2809,275.90691899521977
2810,153.55431824677362
2811,321.7204366435679
2812,51.38401563451254
2813,81.19961965444647
2814,135.43689487861226
2815,277.7473465968096
2816,163.64494014118074
2817,80.8284889431336
2818,150.41497098181398
2819,197.9222885309163
2820,76.59087144209843
2821,184.9126134765763
2822,147.95133803453982
2823,47.56361293261823
2824,145.47049481220628
2825,168.95591515526283
2826,107.75715062754936
2827,156.46794364798706
2828,160.3279050236209
2829,184.2786907816453
2830,127.84390587636135
2831,180.07494416911223
2832,158.4984657244712
2833,147.22960181807153
2834,96.34501729208364
2835,224.41323322902375
2836,73.80526541626215
2837,134.05534595465033
2838,84.13550332455075
2839,47.70906001062326
2840,25.287576338693984
2841,19.75252555157128
2842,36.89685748417788
2843,145.49269830419678
2844,89.37472795327929
2845,128.4575281368995
2846,63.34374075421407
2847,-5.687448246009509
2848,14.305492676136991
2849,52.218960844310494
2850,12.080239371197903
2851,-2.7684418348173536
2852,13.516770736537028
2853,40.24116761613614
2854,114.83105943614162
2855,116.53182010229659
2856,134.43308519692613
2857,290.53113593230626
2858,113.0652874154513
2859,179.86182306563325
2860,105.36252583968626
2861,171.82328230026297
2862,5.390423953080049
2863,68.1310279049227
2864,64.07666998784093
2865,-1.6243762345357495
2866,73.68194759483468
2867,200.78119964526442
2868,80.79239088294348
2869,77.45506201908555
2870,202.9853374912365
2871,155.999043201791
2872,96.4629841232293
2873,7.628599069886856
2874,165.63680905220545
2875,259.1238167144841
2876,164.7273233225442
2877,99.05757351520238
2878,282.9264970476428
2879,-0.48335251115372796
2880,142.80285047597417
2881,134.43304498365077
2882,139.90229451733245
2883,26.632016737667975
2884,24.277401988932205
2885,139.97111778034372
2886,163.48196144231767
2887,25.983098008361413
2888,188.82518160425263
2889,25.287576338693984
2890,18.75222506842879
2891,126.94756902434769
2892,253.60199988913766
2893,239.23234398606067
2894,30.11578307891619
2895,128.49775936657593
2896,86.66366166574396
2897,10.034167086156163
2898,124.23558463311844
2899,81.02778726079535
2900,31.177950870946198
2901,99.65293708952932
2902,80.76866500383817
2903,228.98671509578264
2904,159.7042409455991
2905,-4.562182045823411
2906,117.90356091143283
2907,64.67287692828513
2908,161.57286546442086
2909,79.33776998080158
2910,122.21353783293382
2911,85.861030202419
2912,211.84192731204973
2913,14.90479766442896
2914,30.32379362413875
2915,46.28098247716214
2916,115.62213498401674
2917,217.19537192982838
2918,186.30909005596047
2919,140.93752923607022
2920,140.01949371651813
2921,174.56485175227886
2922,80.07017484723774
2923,223.7788150859258
2924,163.99084878855857
2925,158.73670625701547
2926,13.035844717714825
2927,44.697075663112926
2928,79.17092297669926
2929,145.34221304074282
2930,200.24778145443548
2931,90.33911276672606
2932,170.71579849938234
2933,23.721509161990216
2934,190.18249408886325
2935,101.38052336036718
2936,66.70811919553655
2937,30.49566402063684
2938,117.55537529312862
2939,284.38062308363743
2940,138.98970592575466
2941,110.53830514088241
2942,41.37543696513344
2943,62.50915320466156
2944,140.0865098498783
2945,8.13343834625567
2946,71.59654408599374
2947,85.87451620684516
2948,190.6112278058224
2949,124.14858671349222
2950,157.9208618431847
2951,79.4467851833462
2952,82.27955518544877
2953,71.23418187861331
2954,83.77736580860797
2955,105.25725666104397
2956,251.0950704145613
2957,68.55373114175184
2958,41.83950276939574
2959,171.60328308176273
2960,104.67114184797398
2961,2.6863432604541346
2962,94.71602563220377
2963,118.79420081065209
2964,212.22757833836621
2965,218.27309804269203
2966,39.82915370554399
2967,12.896576736787926
2968,224.22944864024552
2969,-21.053712319617862
2970,91.60908171477618
2971,158.19616897517983
2972,153.87575883029515
2973,173.02687308914463
2974,68.90120771791103
2975,99.91577129886574
2976,79.23626257429709
2977,142.92364193831662
2978,165.5640858849406
2979,293.60358897843383
2980,47.977833961233465
2981,149.8701063640201
2982,172.63929400885982
2983,96.41767053128247
2984,16.494826467074972
2985,33.067122561980455
2986,187.29250374072365
2987,-8.282854072859596
2988,193.47129371780954
2989,25.21314172431857
2990,201.37836287883948
2991,33.166809363989934
2992,94.48510275940133
2993,88.33977276061647
2994,43.6478735354891
2995,115.36804902367699
2996,13.044543474033532
2997,19.59662022314199
2998,95.40501328535733
2999,140.28069578034618
3000,250.75812627237016
3001,41.90685095536751
3002,71.3760358269771
3003,57.515604760650284
3004,121.2587452012684
3005,126.83977235741854
3006,41.17393266857861
3007,31.14647602181296
3008,48.85325505397023
3009,165.2569648037864
3010,303.5795116103341
3011,151.9023478683744
3012,65.60382498923921
3013,165.01509751846706
3014,61.74842154635799
3015,143.4991148002751
3016,57.020066017370766
3017,53.63177608517864
3018,190.96287992751604
3019,59.08333195536152
3020,20.574113973263156
3021,88.43365352136719
3022,0.5155880421214637
3023,182.76937889178387
3024,136.19053778915028
3025,30.775607460578364
3026,143.85045514982372
3027,298.52794939485636
3028,220.20443614867042
3029,125.205761659862
3030,173.79688246419224
3031,205.8886975446354
3032,-14.080326825295465
3033,-0.19268653681483772
3034,208.47100230456854
3035,59.35774176103014
3036,38.5154837562603
3037,114.4640040312995
3038,27.25259850707975
3039,110.04759655040213
3040,168.59309435186404
3041,130.85013195743122
3042,8.663465480614713
3043,149.5910125461104
3044,187.2802538440942
3045,25.734498610354933
3046,167.44595336441884
3047,7.418610891667461
3048,127.24907550505355
3049,135.76502949279055
3050,78.22535905358866
3051,63.523367161519694
3052,182.782623838518
3053,65.87419945498117
3054,127.35317477713424
3055,50.709403900318
3056,89.02558531064555
3057,170.0344640836456
3058,65.51916588544951
3059,78.69737410160252
3060,81.47727891074786
3061,157.901169740098
3062,176.41072048787566
3063,205.47541246767838
3064,64.88775937491307
3065,95.93645861389842
3066,5.606026944381386
3067,4.834664583179572
3068,4.844867647929338
3069,12.546302460834111
3070,-3.2414371138960334
3071,152.58877909676914
3072,299.5765047913038
3073,118.91391800471752
3074,202.36185607772327
3075,38.53518927730581
3076,163.4931369157668
3077,243.18816343394158
3078,158.67405505059662
3079,54.99042378721333
3080,129.3953480882269
3081,275.60136598502066
3082,137.58903436562878
3083,40.38798567274204
3084,110.24273916825399
3085,37.658463922505156
3086,137.28674346298178
3087,283.16190492789303
3088,20.914540017116195
3089,309.2244729231162
3090,6.476984567527118
3091,66.37911332513069
3092,74.83245093998961
3093,261.1446847306905
3094,108.91164673795933
3095,215.28287658074672
3096,141.17894205952484
3097,127.99693657783637
3098,143.89569994006303
3099,11.296479572465387
3100,39.90217298204516
3101,292.6952567254014
3102,228.34735752810914
3103,135.67291500345533
3104,101.61424830830626
3105,13.616739749145095
3106,148.10345115912767
3107,18.24541852919071
3108,7.522509385515639
3109,5.116945734458949
3110,160.51014651620227
3111,36.822221741850896
3112,192.19718384444275
3113,-9.688423937380684
3114,163.72835436182532
3115,220.3083254481331
3116,-0.3337412200916584
3117,51.86238202195351
3118,145.47542380966397
3119,170.5784754630486
3120,23.126025789498623
3121,146.99181096044094
3122,155.66695040483674
3123,185.12868209695603
3124,156.31841334089594
3125,120.06862430646176
3126,114.02518913290463
3127,14.565040210825286
3128,68.74463379859995
3129,-8.227557474661104
3130,100.32356822313483
3131,64.13818711047847
3132,8.736173301152403
3133,87.85403569959313
3134,81.7287791277105
3135,114.77034086442615
3136,18.425206749376656
3137,127.38687942728927
3138,34.87052572806924
3139,69.85169798758253
3140,-2.674315937166609
3141,11.387854689980726
3142,122.43437989222693
3143,61.555483416847494
3144,262.6580933766698
3145,65.34848326604991
3146,47.148510258574575
3147,4.438978574781359
3148,116.63940208610227
3149,70.41980129342315
3150,222.06153115139398
3151,263.3179801139896
3152,61.616124588112505
3153,79.46060868555105
3154,63.91656609423203
3155,171.3835212152116
3156,124.27244895634055
3157,149.40564642459148
3158,166.63686713367406
3159,157.79998052484015
3160,100.45215925309427
3161,107.18529566230079
3162,111.45471911937925
3163,101.16650937096965
3164,163.1810984178065
3165,35.1364074440917
3166,80.00498424298632
3167,109.08250610855222
3168,95.34875717119613
3169,122.00846581259418
3170,155.23082485362917
3171,125.1928967435044
3172,115.4149676603674
3173,178.59484348519362
3174,182.68306769075798
3175,21.765345164744186
3176,46.248442092119085
3177,206.35027849167483
3178,105.20874965600606
3179,297.872551551468
3180,183.89821343159824
3181,71.21493452072409
3182,119.47959327972401
3183,196.4393273409988
3184,126.41837586334384
3185,-10.705910298787844
3186,95.57960025527751
3187,18.66392131780473
3188,61.692787945944325
3189,47.97173278777001
3190,180.92615117382718
3191,90.04970717690594
3192,264.6115395052253
3193,111.3789231521713
3194,71.21134697128716
3195,187.6883975880895
3196,159.24634672412895
3197,50.99428827545992
3198,26.968102825850288
3199,17.906157997367487
3200,36.93358875325662
3201,40.794066205372665
3202,80.27511353130842
3203,126.4750954348198
3204,122.51048331871662
3205,26.74860949315277
3206,94.81333616192761
3207,51.85203086444328
3208,33.9778049549807
3209,20.881597389798824
3210,171.2596691513146
3211,105.89689369052118
3212,96.0994205025337
3213,293.07143088285306
3214,117.99813403220413
3215,18.382717919362705
3216,65.75496805636801
3217,44.71836263974891
3218,185.7819870170308
3219,120.30023864450753
3220,182.76555672794325
3221,204.7049303412955
3222,125.74585962620105
3223,139.8055399688808
3224,148.17766483910364
3225,42.353937952967456
3226,177.0498428537526
3227,43.52196968272957
3228,138.31006309508894
3229,94.02695562284748
3230,19.80032299635842
3231,61.582036676137434
3232,39.70102732243721
3233,94.24177453120012
3234,201.29894663605103
3235,156.80721939149655
3236,80.88376737641164
3237,53.2793266082503
3238,103.36592077074272
3239,45.64511783331008
3240,-12.76681124406775
3241,251.96618230635343
3242,-24.231518139516073
3243,67.09016393909013
3244,118.4983054832445
3245,126.87055085714643
3246,144.69211158291282
3247,158.54740221838284
3248,1.6446524124836306
3249,162.6494997178996
3250,142.70039895351016
3251,75.88074615651892
3252,10.31944659254252
3253,180.15538017715883
3254,211.38544569839456
3255,80.29427462371619
3256,140.37706954028124
3257,144.83663012438595
3258,177.76178112493457
3259,27.77938735987087
3260,157.5097566654459
3261,110.23109141558264
3262,160.49143540245413
3263,93.9888707505836
3264,7.502519829275041
3265,75.24653949521391
3266,128.0989717697675
3267,84.92361605910479
3268,99.02494861523698
3269,41.41222603712463
3270,69.23296366226886
3271,131.23026691038453
3272,97.11889362382357
3273,187.06822002863586
3274,5.842100013876637
3275,133.46942526138233
3276,72.70113322634289
3277,90.83714379901997
3278,63.80421390479953
3279,8.770891898111518
3280,131.09756837778707
3281,121.67559291300059
3282,91.00670126390867
3283,78.04747002598575
3284,266.9132441966465
3285,190.2268084169432
3286,97.99724937184764
3287,58.53689678585634
3288,139.84220182185513
3289,63.132775380001696
3290,277.09357442065743
3291,136.2677541168336
3292,126.51337546455447
3293,48.58752402465964
3294,106.07970655507525
3295,171.3510232664238
3296,294.8423328508891
3297,51.166451011861966
3298,27.009342514227757
3299,74.01951964301388
3300,123.4397961376504
3301,160.71635787132075
3302,123.61180943266052
3303,-9.366779710897367
3304,43.91059585363338
3305,198.79655867188424
3306,42.109908251003205
3307,44.06183219306547
3308,223.14931888429044
3309,50.85000256053669
3310,136.9141903999865
3311,41.526300868598355
3312,103.38577495842706
3313,168.7725913853773
3314,82.35941987260344
3315,68.55373114175184
3316,60.47193794673407
3317,168.23385471562335
3318,8.169997271083556
3319,61.59011795971493
3320,133.32595081602344
3321,213.55966555489667
3322,22.513325292603923
3323,76.5404311618118
3324,137.35523701706632
3325,222.33355520184142
3326,122.08621251707076
3327,100.3084809155802
3328,112.23329601652667
3329,294.2857136750859
3330,7.327010762029456
3331,97.44834612997528
3332,157.68374366348155
3333,46.20243275846308
3334,59.39338409158082
3335,39.78354367931606
3336,96.46709775747098
3337,29.98692210740413
3338,176.06336857120664
3339,293.2232848207294
3340,206.3169340921279
3341,49.54062457901184
3342,32.90859010714756
3343,135.34109894946533
3344,6.234209571010007
3345,77.19658133004218
3346,103.708674562911
3347,46.91637503674047
3348,0.2571283883098302
3349,127.07132800318766
3350,63.71334527442858
3351,65.85049238918153
3352,125.99122718659527
3353,-24.231518139516073
3354,37.0945659499012
3355,300.18838917358335
3356,121.64714086479749
3357,81.29172642652682
3358,99.54548309225285
3359,60.600739606615676
3360,157.4906531262466
3361,189.98350457646956
3362,50.91094628474769
3363,10.97984378702368
3364,51.65993875971681
3365,94.98645164942302
3366,301.5812115917912
3367,232.24646308654687
3368,115.73678148132805
3369,30.172625151988324
3370,289.5070871992988
3371,91.24775706236568
3372,85.78580811530935
3373,101.5059999705886
3374,146.85234421979945
3375,232.43824610018854
3376,42.21236145931973
3377,131.38393311878502
3378,38.4441187081606
3379,120.35986230570606
3380,71.2955014023916
3381,144.1488610011463
3382,15.136410886632964
3383,158.31676382436373
3384,184.1855356081789
3385,127.75315637361363
3386,284.6756743106247
3387,195.48398414612095
3388,79.2747495011731
3389,188.42494036033366
3390,57.876112088645115
3391,30.57994762775253
3392,46.89316707466206
3393,26.378964615266852
3394,168.65083943959112
3395,31.793403091579393
3396,13.097280109596877
3397,212.23711238950676
3398,40.92348603305594
3399,103.49819307734097
3400,43.5608911165966
3401,133.27338689536086
3402,151.00166295186415
3403,34.33718746917719
3404,75.15070160534675
3405,209.13894682973077
3406,245.04907361703388
3407,103.60387737229124
3408,71.3760358269771
3409,191.7564660861363
3410,23.547832719115554
3411,212.19052746353373
3412,170.5133795735138
3413,114.61821244063843
3414,254.71254888450008
3415,152.14048221824947
3416,77.06304332490927
3417,95.60203262614405
3418,189.37591450730088
3419,99.83515999868285
3420,-17.131345349020627
3421,73.83470461422907
3422,52.54937100243322
3423,262.0847722101656
3424,79.03795251028089
3425,177.51995024020155
3426,101.39880219473253
3427,233.85886969043054
3428,9.575249990901394
3429,56.62781646484789
3430,53.24721343229517
3431,183.34358222131587
3432,96.79915012066616
3433,49.728200335360555
3434,33.583690175781534
3435,113.67081496520336
3436,24.280816078746927
3437,33.011451529462484
3438,89.49338820039742
3439,32.5262442304765
3440,12.519523670362123
3441,-6.366219600228942
3442,99.50635681399713
3443,107.60219697938574
3444,132.5923178111998
3445,289.25529604109676
3446,90.65343468656036
3447,145.13216331390234
3448,178.74913012938023
3449,27.512454169076516
3450,148.36161977901372
3451,48.85515065215445
3452,136.89430076421306
3453,144.16859156618028
3454,79.06340276129096
3455,31.528929671630017
3456,34.08640473055157
3457,117.95099307688591
3458,60.20057083360236
3459,264.3635833755985
3460,41.36479970504747
3461,228.26528425861545
3462,10.784117658295834
3463,64.85434458486435
3464,112.2503107624673
3465,278.07232677339096
3466,105.57092127305798
3467,1.6223021939133453
3468,78.5269816910368
3469,25.683179933614415
3470,186.60365202754863
3471,103.39951326657874
3472,175.27107586525509
3473,149.3983439456891
3474,24.797724459844176
3475,191.33546529187888
3476,274.20132017188945
3477,211.25089511711863
3478,36.202738597545576
3479,17.219178870181317
3480,2.8486159005699188
3481,204.75489827976781
3482,199.240951727631
3483,84.13550332455075
3484,28.907662203341726
3485,82.11471700439937
3486,30.231887310753947
3487,120.2632293997
3488,76.60819900877884
3489,75.22435172299244
3490,48.241563528647404
3491,71.82711150154556
3492,94.07594583287931
3493,194.5398469963999
3494,-12.439028064825411
3495,68.21006883799794
3496,130.41056579915005
3497,166.44839393634442
3498,280.64154968904177
3499,166.6942005916505
3500,16.494826467074972
3501,148.14652276237976
3502,69.02286324402468
3503,118.44165386372262
3504,23.239012420805317
3505,281.58897117977955
3506,84.157263466349
3507,24.452352342407075
3508,36.84281763525001
3509,99.14474631433954
3510,104.99451635828696
3511,153.31267135774937
3512,87.70654038614308
3513,191.38040462590374
3514,185.69071328160334
3515,221.62367747446018
3516,9.067374788802484
3517,150.09802558252665
3518,21.765345164744186
3519,312.71520697275764
3520,20.832001284390596
3521,217.0485147202365
3522,41.49594723509469
3523,140.6729307071851
3524,340.750296656589
3525,58.99448697260523
3526,176.2023518916382
3527,16.256070338645905
3528,147.33715888435137
3529,278.83206467254433
3530,72.5094448076047
3531,37.465560102816966
3532,182.44150924288525
3533,99.66006384371532
3534,164.66217818913333
3535,153.6843693616795
3536,14.108315129419811
3537,114.20937717760194
3538,105.75125526112306
3539,-9.524112168249806
3540,110.58210495785474
3541,146.53601751190567
3542,27.192393791650964
3543,104.95259693022007
3544,84.27920514832498
3545,34.02933951392328
3546,30.143962392302498
3547,173.98013060769222
3548,52.70898719287558
3549,39.32416316187982
3550,43.5608911165966
3551,28.93458476240963
3552,122.54316195332095
3553,52.57610656063022
3554,170.61682471009274
3555,100.29522135559463
3556,-14.013016636812395
3557,41.2986981068769
3558,183.65656823435305
3559,196.6503389743928
3560,14.47525930951642
3561,254.72656260294661
3562,139.73278723929963
3563,105.84391982274342
3564,165.18714188152856
3565,50.76631730377792
3566,151.99077554911594
3567,74.98650103530366
3568,79.03559642440412
3569,108.61110781541207
3570,14.481331007032285
3571,116.74256664097608
3572,286.5494380956999
3573,180.90136919833523
3574,143.02148024682893
3575,248.70711382262078
3576,58.9105933345904
3577,105.43053040990904
3578,36.71136982649584
3579,185.38775711972463
3580,169.27382768674386
3581,124.02223755985516
3582,158.70628552261158
3583,27.25259850707975
3584,274.9102034234889
3585,118.77986487614929
3586,173.61679723432346
3587,229.5255420917552
3588,310.53877298221323
3589,289.8895602149191
3590,43.5608911165966
3591,33.69761222832849
3592,16.912218774908656
3593,38.154238445423786
3594,222.28816330113037
3595,154.94831160174977
3596,107.73846366249369
3597,-10.563902842112359
3598,238.4478975491518
3599,-13.210846507174667
3600,61.170411160255625
3601,214.60700166228244
3602,171.03663519771106
3603,40.72850989536699
3604,3.0068789078108162
3605,45.390179171624204
3606,90.14719499185836
3607,92.70294872909369
3608,100.09616145753463
3609,-8.393298200745162
3610,104.42716805620859
3611,197.46620789981617
3612,206.34342296769063
3613,285.08816298684815
3614,48.30534305202181
3615,284.9189790854649
3616,104.33529313364198
3617,66.37911332513069
3618,297.872551551468
3619,11.130898442525718
3620,53.18796613786582
3621,19.558519853242252
3622,136.3543744441916
3623,-9.44724396842229
3624,135.1786217988993
3625,141.41554849630222
3626,81.91234229309474
3627,49.387756466760436
3628,235.38971312448632
3629,147.64176156749016
3630,14.147646773919266
3631,47.654019029914394
3632,73.22741843862582
3633,123.09892349274517
3634,57.956154346637724
3635,144.2132136949848
3636,208.74313473136138
3637,137.72403481227104
3638,28.242051256286445
3639,313.84806009258256
3640,180.7087447127265
3641,76.7133731632731
3642,-8.64395962277288
3643,62.25893462605809
3644,299.08394405893443
3645,118.48638876617726
3646,82.57398297062754
3647,108.26187281199925
3648,35.13898956142895
3649,289.6598775342773
3650,9.545010824592536
3651,167.09344620742067
3652,189.82364245410807
3653,107.3868056518488
3654,116.9221108148173
3655,206.8230441646417
3656,103.49577646374611
3657,258.7776527350342
3658,241.7367114193269
3659,175.83585409554217
3660,43.91988292172753
3661,50.709403900318
3662,28.869247902460515
3663,83.1945536702917
3664,144.92325016686084
3665,151.18846845073983
3666,120.64639280249443
3667,70.08823976101218
3668,51.32857339429297
3669,198.78138853399884
3670,184.29055614266343
3671,206.00947369549039
3672,103.73372462463215
3673,53.40650944147934
3674,19.785247508544696
3675,142.6704556041645
3676,21.46554735915374
3677,40.91808461118386
3678,39.37986974002424
3679,195.584979855259
3680,322.43252959757586
3681,123.44209701906549
3682,86.51511168171297
3683,197.75116164861296
3684,86.51861677629745
3685,185.63429451659388
3686,20.926026704975946
3687,163.7060042860475
3688,158.15836070226206
3689,-4.673934681666699
3690,97.50168248732466
3691,158.1016393678956
3692,112.85703498800098
3693,51.139889089258816
3694,156.1503475280992
3695,72.50743796950964
3696,69.51918312525274
3697,106.0238105755741
3698,291.8492240821954
3699,118.70428780134566
3700,4.1422457783547975
3701,112.46715930464845
3702,-11.258334463657814
3703,186.46680990218368
3704,16.461319577001145
3705,294.07367301536783
3706,221.20905833154475
3707,80.44988421255182
3708,239.24207790407624
3709,33.03073477496779
3710,-13.496161390190288
3711,139.28487794400547
3712,198.99643781831625
3713,77.5753293911605
3714,82.05253037022955
3715,41.36479970504747
3716,50.650202290677356
3717,47.74328076994364
3718,-0.23298460451160227
3719,19.23076026266635
3720,178.7466870669296
3721,47.36386614051973
3722,154.95335380415833
3723,203.33645871237974
3724,288.8553708678415
3725,15.630082502947166
3726,139.1318034283775
3727,142.85135344847774
3728,204.00617050206944
3729,89.91034080577207
3730,163.21380360580204
3731,104.13271043075345
3732,155.61390119670284
3733,217.63390455390984
3734,73.31106764745623
3735,105.22358259915214
3736,49.45274128341123
3737,184.4775495377752
3738,202.78957885835518
3739,96.56809753839087
3740,138.6187539811336
3741,3.7081930114830435
3742,137.51137242446367
3743,41.423282611291505
3744,41.36479970504747
3745,283.36531464286185
3746,196.349888034064
3747,-47.15031621265876
3748,275.5904999289641
3749,16.524406771726127
3750,107.35691724277484
3751,93.19998801138455
3752,88.4684809916457
3753,142.70145737702222
3754,325.98697108593274
3755,177.70424124943457
3756,76.15598819108826
3757,111.92394014329258
3758,173.68445473077867
3759,80.91426600582754
3760,41.403401882320786
3761,140.7761894505301
3762,16.523418376056707
3763,9.155517086473909
3764,177.3855413454974
3765,36.328407818003775
3766,90.43030238775457
3767,38.004048334901114
3768,50.15321794439713
3769,104.30584536953334
3770,138.33307119123566
3771,43.04467241781438
3772,-4.515717072317993
3773,155.24635799402853
3774,145.44221508526883
3775,5.561192598754204
3776,63.225434258249976
3777,159.3601028595121
3778,197.02749938355242
3779,283.07791263042407
3780,9.981913378063407
3781,284.79879860702584
3782,74.65667691337534
3783,156.38544569894185
3784,41.63316659763423
3785,157.2450900829923
3786,168.88114589413368
3787,247.84735031064804
3788,105.95222317292472
3789,94.46726742950996
3790,145.23474954189635
3791,147.1546674717047
3792,50.14116094517563
3793,104.24452062328128
3794,58.025037228904516
3795,206.97657622068536
3796,202.44642060832157
3797,19.621752487217996
3798,1.5124307601797213
3799,187.50243997137602
3800,139.6533815491691
3801,82.81981937765485
3802,110.9350389865899
3803,159.24645182437393
3804,154.76746069832055
3805,200.5556311808146
3806,59.84916870978418
3807,6.950623985965514
3808,-37.926546963426475
3809,82.61393180388252
3810,250.06648328776959
3811,158.30957774120884
3812,169.5755793155157
3813,86.3157422854692
3814,86.11990520660403
3815,40.24116761613614
3816,25.26554875287893
3817,19.319893043197126
3818,84.72208677603035
3819,30.335259271022
3820,172.02891659953215
3821,-2.8277236515028084
3822,81.01257516317241
3823,295.5002745668857
3824,155.499775776372
3825,34.99547294577315
3826,102.52429353502127
3827,125.6788211903606
3828,37.43581953861856
3829,35.00734126350102
3830,228.6989552296358
3831,269.65039420011215
3832,122.33627392523692
3833,217.60591078838394
3834,153.3198711350067
3835,135.78372682070358
3836,99.93143431253634
3837,285.47140449954435
3838,53.23448155027668
3839,17.9602815563002
3840,53.45898613010558
3841,157.20115884625255
3842,178.06294878659244
3843,132.01712754006618
3844,47.02941946081078
3845,327.6964945989523
3846,303.5795116103341
3847,154.06961201907254
3848,3.2412770154421837
3849,147.64888049355284
3850,0.6991838033077666
3851,150.57345600104722
3852,4.881787296715525
3853,-1.1926083466015918
3854,136.17411294154454
3855,17.15252505783589
3856,199.39743648381236
3857,44.46440504544932
3858,186.54405604591645
3859,95.06956009409309
3860,96.53616981315274
3861,-8.544619370613482
3862,179.39244715240864
3863,202.57680390843657
3864,140.36549862930497
3865,5.561192598754204
3866,217.99709465494914
3867,41.126145724159365
3868,169.7372943304546
3869,154.11691649968358
3870,71.3760358269771
3871,0.8830208440426495
3872,67.30401201002212
3873,226.37811172421456
3874,71.95868946580461
3875,231.52261079174252
3876,202.89034798475035
3877,226.47314825743177
3878,104.0274367001161
3879,98.7880652221526
3880,143.56753264525298
3881,237.49993451951957
3882,332.21172733494313
3883,55.94666957978124
3884,212.5609575783716
3885,110.72924697920905
3886,96.74546432006528
3887,14.312119745089154
3888,14.932796209900832
3889,171.60964414963104
3890,171.79697358215017
3891,-21.328680362173973
3892,84.22413058693552
3893,251.91371727840655
3894,198.35285430530726
3895,38.58678194201969
3896,149.72283650433542
3897,151.64710293159771
3898,254.57038522204076
3899,179.95776914895924
3900,259.59570014218986
3901,170.69832216581665
3902,202.23864177013309
3903,26.59838759567796
3904,20.153340818519823
3905,137.24495269902638
3906,94.05726175015084
3907,197.16872542152177
3908,-9.744384295954145
3909,206.13338061410477
3910,26.051618713356774
3911,45.01593619909592
3912,230.2906406711858
3913,163.9541335116629
3914,184.62952880541235
3915,83.97521484973211
3916,133.10509432102327
3917,142.67139559402037
3918,161.677762075395
3919,151.60346742057686
3920,55.12123909258978
3921,91.57747843346432
3922,127.7698884053969
3923,159.77474253381513
3924,51.53524717601261
3925,14.501339120908504
3926,85.18218753930572
3927,36.30081362166152
3928,65.47270623299691
3929,158.649501907028
3930,53.36922102866482
3931,114.43861098731851
3932,-8.393298200745162
3933,81.87183194499006
3934,149.8534149117782
3935,287.31269056669214
3936,35.51448454748654
3937,129.25719533785093
3938,102.69971877457236
3939,13.873189878251488
3940,234.75408448032158
3941,200.80276487115898
3942,128.070900228357
3943,115.88745058546286
3944,93.93350015800759
3945,198.78719530982602
3946,-4.701239336453337
3947,123.28015724477521
3948,139.79385325234787
3949,52.194284595734445
3950,88.95031688398346
3951,83.4708454397753
3952,119.81655942958082
3953,19.39828863376526
3954,179.96224127780502
3955,222.06153115139398
3956,152.17817735981035
3957,37.60994597512879
3958,110.91922281352325
3959,62.56335180968332
3960,3.669955344536078
3961,163.77418910899567
3962,2.5163173794629423
3963,236.05930172644588
3964,160.72932816653642
3965,104.26871608102608
3966,88.91645631544992
3967,78.99151045607907
3968,249.06741833916055
3969,94.83007310360261
3970,306.0827518983284
3971,46.07564824680473
3972,48.81720502871481
3973,261.62048935495255
3974,38.97636612007335
3975,57.48522459715368
3976,152.7679365220869
3977,19.284001744462184
3978,91.70165201076519
3979,163.24356402302053
3980,29.27034934210816
3981,43.126603923899125
3982,99.34352366472191
3983,9.583957530234267
3984,77.97206131050092
3985,83.09106019995954
3986,182.43198132022889
3987,107.7825181866622
3988,185.24808768466596
3989,93.56181186640383
3990,85.32412060334286
3991,46.27615114114402
3992,109.72005579674683
3993,77.32162557048566
3994,140.04725262154622
3995,121.6803861133418
3996,276.9096100535738
3997,94.2214159975441
3998,309.8063169512498
3999,4.286398219327079
4000,251.83414377485227
4001,107.73854988919315
4002,93.94649015963513
4003,190.45255944927533
4004,142.42497797143884
4005,91.89995929357804
4006,88.5709096441817
4007,271.1280233353134
4008,102.38227371801334
4009,242.49089963206612
4010,13.941048035261376
4011,37.79285288770585
4012,16.519408013750684
4013,183.948336573706
4014,11.744556204142885
4015,65.38301849007517
4016,135.79716464767876
4017,104.87189889812564
4018,194.1306187534639
4019,158.53631259603313
4020,179.1228667958269
4021,82.85434625174912
4022,19.52396236688388
4023,-2.8981284999334442
4024,34.506736752203444
4025,37.403710362758005
4026,225.11597119515204
4027,165.6240966218248
4028,41.806313179424095
4029,24.666276917901342
4030,75.48568637495474
4031,26.747891933681498
4032,48.76276377923282
4033,149.51250288864804
4034,243.49502031236963
4035,84.85987774131274
4036,14.004917029045192
4037,156.8230902993766
4038,27.880333343007003
4039,-0.16361681137150338
4040,195.3839152711454
4041,66.05678951519067
4042,212.49611354711874
4043,244.07902292849764
4044,88.16315719954922
4045,88.6962990654611
4046,185.31936601190617
4047,140.89980807573912
4048,51.0355325113136
4049,114.81962874390948
4050,183.5516456654718
4051,100.26329792685978
4052,75.71544849074127
4053,89.4424508761048
4054,135.8236960641159
4055,41.33825946474952
4056,150.07035346953782
4057,147.6155166997187
4058,39.77141920815816
4059,58.32603943822955
4060,-0.19268653681483772
4061,163.41514401198913
4062,168.28906368418401
4063,170.5255816449777
4064,21.740821618366816
4065,70.7526713467616
4066,32.101860551353084
4067,199.9037370767738
4068,158.69453482480176
4069,-2.8956284669497996
4070,158.35218289193293
4071,102.28332322619971
4072,181.1949116003093
4073,273.7501768530623
4074,282.978128071175
4075,33.78131847515974
4076,8.061448876820307
4077,114.67388194310847
4078,58.47201639557795
4079,225.12391119973367
4080,131.66746270200431
4081,193.06600078011755
4082,40.27047247356886
4083,20.138068446977805
4084,47.033402503020156
4085,120.01855882758205
4086,185.51542430154996
4087,80.94784464825044
4088,23.269496370377926
4089,92.15814330338277
4090,132.0139133944565
4091,137.86201435917607
4092,144.782929174406
4093,176.414193779225
4094,85.07759186509482
4095,198.08146450464855
4096,142.5669495712198
4097,53.53589000720554
4098,121.0239921804077
4099,126.88668768931434
4100,37.658463922505156
4101,297.5470789433452
4102,163.30589545690512
4103,36.875532413914435
4104,77.00285885381926
4105,186.51713222104243
4106,25.170043808266705
4107,-1.32471602243078
4108,121.76604022646342
4109,97.92848913804106
4110,15.61391617610965
4111,304.5112673302383
4112,-28.32495301733423
4113,53.783772637168795
4114,231.39628193439654
4115,-7.177661487489118
4116,129.0882029434858
4117,37.9742165356154
4118,128.66225430561377
4119,275.3802874604229
4120,115.59592608791462
4121,102.67162790777837
4122,99.53263492026072
4123,143.1566663593391
4124,49.17365743193176
4125,150.25636070429894
4126,103.41619544950746
4127,138.777301542665
4128,22.985705609667733
4129,287.86816106884686
4130,81.04179126872043
4131,153.05386968009384
4132,65.92333851269042
4133,71.49388420443978
4134,11.220653650391707
4135,132.58003595257182
4136,110.33504108793841
4137,128.95704399282357
4138,-16.692338116299847
4139,87.49035258932861
4140,210.06972317587423
4141,261.8593255696169
4142,22.53449549122566
4143,151.53156525288844
4144,125.8894717146157
4145,16.444527984201226
4146,16.633725640102732
4147,64.18406570073809
4148,73.52845232296055
4149,29.44171347649614
4150,320.32991784911246
4151,315.2113636404824
4152,39.17824048028139
4153,112.54679249183211
4154,62.698934207678924
4155,19.54641250458716
4156,8.863498263431167
4157,28.562055494669295
4158,119.62102898498638
4159,74.43676133722873
4160,92.76350237942847
4161,60.785442996693284
4162,105.53031603036058
4163,311.8959193659042
4164,159.78516042294467
4165,31.78840480970904
4166,31.852808365146984
4167,97.6988680664883
4168,59.36991574218535
4169,-11.04434228834363
4170,304.65923851246754
4171,3.7587642610009873
4172,131.80920573605778
4173,177.82332231148993
4174,171.25586141515097
4175,39.85607827082975
4176,12.644632642758552
4177,219.14414863838354
4178,137.2344738710273
4179,24.84420371817662
4180,65.9091856141327
4181,-3.2001981505540136
4182,123.00755222686243
4183,204.7191653618595
4184,63.31307315089488
4185,278.0373294572929
4186,159.2238602174595
4187,212.13011906025284
4188,246.87445464465037
4189,0.9281911592499449
4190,125.07617421212349
4191,186.43759426320642
4192,10.489991908173877
4193,267.924752829788
4194,216.3443804324376
4195,123.88940847950357
4196,65.41869844770753
4197,167.42307240987915
4198,187.06630551015093
4199,46.890655224656356
4200,148.1955427175237
4201,61.555483416847494
4202,57.694525234296506
4203,59.49938811100905
4204,151.65732874410463
4205,215.0667459743146
4206,153.36085873275698
4207,312.96764739021916
4208,99.35068695355059
4209,73.80526541626215
4210,118.66265398431092
4211,-7.25643640466861
4212,80.07175433515694
4213,146.55931408791943
4214,57.728647692756816
4215,122.8506680730577
4216,171.39305238220837
4217,21.19605817561419
4218,58.653800453368675
4219,100.2682504512201
4220,157.79855630294364
4221,20.898159526282672
4222,2.627628198657736
4223,50.85572580691564
4224,58.11867547694078
4225,99.19465484059361
4226,98.77077714088398
4227,14.73851108915694
4228,188.50194731023072
4229,259.75720354894986
4230,215.14410427058644
4231,243.41737794553447
4232,236.33638784136727
4233,109.50932227874402
4234,69.39022736400341
4235,72.78562632734439
4236,33.676368572788476
4237,340.06679157242894
4238,18.740319056587115
4239,149.97483732930996
4240,20.029796984321173
4241,84.54269883326147
4242,28.186573304588254
4243,46.03533473288149
4244,188.29014870767446
4245,30.344092614723042
4246,103.56789638229937
4247,63.11377024548884
4248,33.92245393323375
4249,132.84881525384262
4250,53.1097897254806
4251,315.2113636404824
4252,14.43887321370588
4253,133.77431123719458
4254,45.34333161316532
4255,295.8286514189602
4256,117.72153240125094
4257,106.64686263697561
4258,49.88742580811531
4259,165.14395198140267
4260,190.86297586773208
4261,79.49630411883632
4262,118.09456089602739
4263,99.35688805932831
4264,53.50271038488388
4265,235.94077125759156
4266,31.557139780905544
4267,207.26670299228851
4268,148.14673827734114
4269,17.520655042959586
4270,61.93008102646278
4271,307.35845530364804
4272,-1.1109719985725142
4273,190.1165274822683
4274,-10.576182307570233
4275,158.9761030346772
4276,149.38258863800914
4277,218.4988749220466
4278,172.5590393558364
4279,20.585403307945082
4280,109.18354650498824
4281,130.47319651206038
4282,178.36197196463698
4283,91.30682532698178
4284,146.3719979440469
4285,47.593286243898895
4286,94.54011280264645
4287,165.12550048727994
4288,194.63889093129723
4289,111.55492578296393
4290,84.68880139892275
4291,19.085765737397555
4292,198.96889628735153
4293,202.5673212170984
4294,207.06857909580464
4295,0.6620016175788902
4296,-36.274484444549095
4297,192.17036217710566
4298,162.66276954749736
4299,125.32442495999545
4300,86.52555998700555
4301,328.76822262326726
4302,157.0116617635337
4303,72.17735240837996
4304,250.18849191712647
4305,79.39053502210558
4306,15.24445736806309
4307,37.135444736447134
4308,24.01386576589494
4309,174.34956464047042
4310,182.61492187628727
4311,44.575842072167305
4312,20.097443896718143
4313,131.40563116836958
4314,187.60997132744941
4315,112.89725502176262
4316,136.3470516540045
4317,121.40689366794842
4318,124.93119482109819
4319,102.19829562215543
4320,157.66681103293493
4321,61.88371384568189
4322,289.4818031532745
4323,168.37734750418926
4324,6.84082903323986
4325,76.8640007391275
4326,263.55807191453295
4327,7.094774465890772
4328,281.0272582892649
4329,118.5018668090575
4330,181.680599147085
4331,73.45193296613188
4332,79.4355870187174
4333,205.2037695454524
4334,138.30254907887965
4335,32.00894084995785
4336,89.52215506530975
4337,305.47892379491367
4338,27.009342514227757
4339,56.42762358188637
4340,91.80217439978802
4341,230.856231920786
4342,220.56319099494831
4343,-0.8621132471964683
4344,167.48597910176622
4345,90.30839809036142
4346,55.028649236435434
4347,36.11854534478288
4348,72.99795243767699
4349,62.21922706888701
4350,46.55704085752119
4351,212.50112472089958
4352,243.10237659761893
4353,138.80705566901997
4354,81.90948854702981
4355,46.89316707466206
4356,25.31203523742128
4357,71.56173325135632
4358,97.85898124755992
4359,45.22215055798243
4360,60.733714568816616
4361,163.25962696012115
4362,46.5079640900169
4363,56.05288089838788
4364,33.75330432427061
4365,38.574969716317916
4366,145.02188973347535
4367,187.60156386548738
4368,64.13818711047847
4369,20.204736698072512
4370,249.9257544750178
4371,203.97267079035842
4372,31.066663922038874
4373,-12.733458424938624
4374,300.92287848851277
4375,38.55840284177625
4376,78.66217513996429
4377,48.287950910638926
4378,163.44989120871966
4379,58.31872167079561
4380,150.63459140974211
4381,248.59476164449816
4382,187.16930403340658
4383,-2.334052889775283
4384,26.005394888191024
4385,98.80119541788606
4386,155.01081427178366
4387,8.09235698358491
4388,193.7412680355429
4389,304.5609932513216
4390,262.8452730757714
4391,119.70056330237976
4392,300.1436265175085
4393,137.1373372998606
4394,89.95157476102641
4395,5.291395188905576
4396,79.84073066398372
4397,170.07296178461598
4398,77.97643047303983
4399,111.67996461877648
4400,208.65694899414208
4401,174.032306229097
4402,145.6464721017822
4403,112.86591499011325
4404,-6.557739829388066
4405,150.08400114060746
4406,-12.537846193545972
4407,45.18610053272702
4408,170.56588676478418
4409,70.91957984125968
4410,153.12979899048287
4411,136.12610608192762
4412,121.25108542321041
4413,85.01466507268466
4414,91.98053833799838
4415,152.37207622007654
4416,10.697659153832694
4417,208.3171675292475
4418,26.200061242841663
4419,192.26152040961594
4420,300.6026983469605
4421,104.22819399118804
4422,139.19830450411354
4423,272.32313518370796
4424,98.29297737208996
4425,47.61754149142405
4426,163.18667983764357
4427,66.09757620473776
4428,291.1625985580895
4429,89.08016827202992
4430,30.675198706727222
4431,54.596266850720944
4432,123.44209701906549
4433,46.81911373573978
4434,65.88878248464151
4435,93.60165200253425
4436,3.062601751121981
4437,248.75452482611126
4438,87.75430720444243
4439,35.941022084037456
4440,10.786244106590283
4441,4.8487671967019015
4442,118.55992545812398
4443,191.52192348150942
4444,210.7568626652003
4445,140.54821831883785
4446,-0.6869522997652139
4447,105.98472979024488
4448,205.2268620832607
4449,-13.971980725889495
4450,283.7287076259466
4451,74.56146253236042
4452,0.748908397732613
4453,302.7397430052369
4454,113.77136025635261
4455,215.32496737052534
4456,0.9088244607414864
4457,40.91609036249404
4458,-10.705910298787844
4459,48.247433901450556
4460,38.22248536477176
4461,135.40858445728364
4462,27.593292375186063
4463,22.560580487575542
4464,192.31752936725093
4465,34.776289800971334
4466,17.468862346342313
4467,116.38697094373639
4468,47.607643194240914
4469,54.7548447601418
4470,70.22065427320163
4471,-0.891132173823324
4472,268.78199044909695
4473,129.41994836783363
4474,129.37751800266392
4475,122.21449125894705
4476,55.599092697724195
4477,215.08225693227283
4478,274.03142414981227
4479,75.35938188921322
4480,99.35256839782208
4481,24.399514282398343
4482,123.89704181424354
4483,43.98826281803948
4484,36.925768333387836
4485,207.98536205218213
4486,75.16194416062454
4487,115.80317329990012
4488,133.25171967255267
4489,291.98201647742803
4490,170.04251674832165
4491,28.389074220070192
4492,118.55468714080048
4493,18.724970627274885
4494,97.75330104104887
4495,191.59369519225578
4496,187.15202283174102
4497,138.87819277203167
4498,213.74840378535268
4499,101.32426704540137
4500,139.5914308170263
4501,-10.940594792237814
4502,81.21724749902464
4503,47.847689465914655
4504,131.61562222394662
4505,154.88439920060173
4506,133.10347134176723
4507,167.3102485646448
4508,164.38733803482683
4509,126.61696275958322
4510,127.11909539802065
4511,170.09372567240885
4512,195.83974569153503
4513,-8.489185202174406
4514,54.113137645033774
4515,11.455403568542236
4516,168.6858599504823
4517,89.31210865139806
4518,151.8324818066963
4519,53.11312986452849
4520,16.797122221410355
4521,261.5722901890185
4522,130.626812846966
4523,139.46171812703903
4524,18.339031426137176
4525,81.94730164884469
4526,9.001658643110183
4527,156.09289643028725
4528,54.113137645033774
4529,169.73559293872643
4530,38.50100947570391
4531,43.28216863894483
4532,306.45939658680436
4533,131.0271786887665
4534,268.28509058211824
4535,169.39076007783225
4536,8.444492573354777
4537,105.92003776412679
4538,66.75633545543816
4539,166.35981637186705
4540,37.758920619742646
4541,152.99886038419018
4542,29.806037304133348
4543,188.12356362879189
4544,212.93754993857868
4545,296.7733112750397
4546,310.69309380586554
4547,284.83558457293213
4548,20.376795539297422
4549,68.07855189023022
4550,27.965914511638548
4551,123.87696403578225
4552,103.36030603742222
4553,96.25689196113166
4554,26.859245012502036
4555,152.7970387747399
4556,197.22717388362187
4557,5.571605172215674
4558,-5.0816610671294065
4559,119.82466285176426
4560,301.1436949938249
4561,297.7791780539917
4562,148.39038278771568
4563,139.5667717463726
4564,54.41830295793154
4565,272.09884378557035
4566,21.30422332179059
4567,298.52794939485636
4568,270.4461749296319
4569,171.1252615138924
4570,148.61140495927043
4571,172.79011119630803
4572,74.525349760111
4573,118.29930579238705
4574,153.0217604525031
4575,11.45184055392983
4576,168.6042599761127
4577,1.552866751913977
4578,183.4872380185307
4579,104.35208278979927
4580,25.983098008361413
4581,-9.14576779564402
4582,2.476715355818204
4583,75.54995179142776
4584,80.24032954599635
4585,31.022167756516264
4586,16.474108909781002
4587,60.060015100215104
4588,54.745309814907976
4589,70.4890457795338
4590,37.83363919267585
4591,155.89158919959021
4592,191.16779742237367
4593,39.85607827082975
4594,125.01235175572523
4595,210.82540828694502
4596,21.275274618573494
4597,290.88915300219605
4598,155.58730226447483
4599,23.36152931396353
4600,159.73326703747057
4601,6.2025845340745995
4602,104.2291573846946
4603,27.28471500190081
4604,134.56999621581514
4605,16.152316393742975
4606,250.4361690532969
4607,120.97014051121877
4608,133.9233744948186
4609,112.120632648544
4610,34.05286197397829
4611,45.22215055798243
4612,41.82699793029184
4613,114.23855282316501
4614,60.48867168825985
4615,90.08987170770077
4616,188.29521989449344
4617,172.35148812683207
4618,33.78008207339139
4619,230.92341259566373
4620,163.89081371722318
4621,168.20597788957178
4622,164.41816541467577
4623,11.676616237772874
4624,311.89918169994536
4625,186.20833728701442
4626,13.921966649558495
4627,8.27491360043027
4628,104.37202470855358
4629,29.736206779442586
4630,164.75867609238406
4631,122.36074170746961
4632,51.32857339429297
4633,171.65207197431513
4634,20.088656583538086
4635,52.24821440244093
4636,19.187375705913617
4637,82.16697705811069
4638,77.62733717292191
4639,101.71194208796626
4640,227.51241406860487
4641,10.445077410410269
4642,56.536599807854934
4643,114.09461157861003
4644,75.75926737709857
4645,105.53031603036058
4646,-6.753017528082422
4647,133.2013889365583
4648,71.68090451398572
4649,228.69213646728508
4650,160.88834242892622
4651,89.72285309987414
4652,223.7601093691202
4653,181.6063462446918
4654,156.17064413706476
4655,141.7576182257091
4656,189.02167427413715
4657,158.35689117331637
4658,66.37002930335329
4659,17.783521269323963
4660,141.02078661152734
4661,76.17784459920667
4662,278.1468952740417
4663,105.71205068331129
4664,185.13335158608723
4665,4.503959039956223
4666,130.36266612289418
4667,113.5002282129154
4668,-4.761706347244288
4669,217.00185822026984
4670,-12.382145343361332
4671,33.71186088930833
4672,237.98135159485074
4673,144.14260124177693
4674,172.53918315252025
4675,31.557139780905544
4676,225.77925639653853
4677,0.5728660396396877
4678,163.92830254965045
4679,121.14144338928305
4680,191.30541959899028
4681,202.17819311648353
4682,18.60682924324441
4683,218.7159075453894
4684,48.85325505397023
4685,134.88515106661723
4686,52.79853545010425
4687,142.17919600549
4688,44.684639891348525
4689,71.02365472504843
4690,34.97153586250047
4691,202.28677589290243
4692,87.95413405421834
4693,60.818179812498514
4694,99.98332335715638
4695,96.60699561174876
4696,156.6408206825169
4697,75.80302967713538
4698,113.88589135717793
4699,-0.391195648819499
4700,67.48777090063324
4701,39.38915477616998
4702,131.0237576782997
4703,42.31190606843248
4704,182.1879554557236
4705,62.1331973881199
4706,37.55783449442606
4707,168.35549823590534
4708,198.0792963820981
4709,4.426148523532827
4710,99.58741167734394
4711,123.35520650345467
4712,147.12861116354023
4713,-12.13875261313428
4714,42.65345894894552
4715,159.68611126318544
4716,26.526643678626876
4717,-10.940594792237814
4718,58.294540466556604
4719,130.9235066937822
4720,-0.2834071373315559
4721,135.8360811678701
4722,173.57526052908187
4723,28.609944890073674
4724,30.42015410944556
4725,249.53567561097958
4726,297.8230225884669
4727,26.859245012502036
4728,-2.012880987655721
4729,0.3056541330713815
4730,30.57994762775253
4731,57.11266368577039
4732,33.382803142480434
4733,6.186879085986446
4734,57.369480481246676
4735,29.541865814859513
4736,137.83130795959738
4737,92.85754115565896
4738,171.43337262059197
4739,112.47973671824325
4740,42.72196729005064
4741,93.66302631411332
4742,13.504049771427074
4743,40.96135772830533
4744,13.813837142823466
4745,232.35432911668585
4746,3.288711150618173
4747,-5.265462679542022
4748,119.93055655799388
4749,192.13067962464365
4750,189.765610298191
4751,77.48688269868855
4752,-17.768740249682885
4753,55.813503302938784
4754,192.74826412492266
4755,92.65847378461757
4756,196.2226577361406
4757,148.72442801580684
4758,74.5661345538069
4759,142.26367853816885
4760,134.26113413660102
4761,-1.7042629090260577
4762,92.04565172350196
4763,52.399297901731316
4764,152.11201586750215
4765,139.22279102073566
4766,39.06194728870487
4767,106.44443171492155
4768,102.62806014803279
4769,112.82950107945607
4770,47.55173385085733
4771,55.43320351305478
4772,17.027261591319807
4773,121.8846714885474
4774,124.15052204152781
4775,119.39488636379515
4776,311.13371084906333
4777,176.9405435129279
4778,151.01845526702655
4779,154.73464198451978
4780,67.41833231870574
4781,136.11809866133564
4782,148.2138737843291
4783,76.17858673815365
4784,296.2941311632158
4785,21.481644945573002
4786,246.56857632406206
4787,26.098335198903868
4788,39.50193643696275
4789,-13.053312941526768
4790,82.21219365397988
4791,44.44461273002078
4792,298.0543550101724
4793,164.61623726036632
4794,17.060853736885104
4795,96.89747275674078
4796,161.30176523654833
4797,272.53140277693876
4798,189.99657240332112
4799,170.94939557751525
4800,-16.500579493103515
4801,75.70673912976471
4802,57.87403927028268
4803,82.58824345349997
4804,99.24239702628617
4805,142.34410783882524
4806,52.54983902007586
4807,50.04976327196527
4808,137.96337460386744
4809,8.960475112452253
4810,131.64784711876132
4811,248.05062876183726
4812,206.08886151924023
4813,21.371991670166473
4814,288.1782615516697
4815,-6.7601091709802015
4816,91.99164556627018
4817,204.7829155134349
4818,29.64915370363538
4819,6.218147736564127
4820,62.90783733582479
4821,128.8805642702337
4822,148.54280895954003
4823,300.3834167553878
4824,173.40463211432223
4825,24.047645807832556
4826,160.35550700608644
4827,93.19230925901161
4828,17.854861766995167
4829,130.9243168775691
4830,75.10932102311223
4831,176.4198083419078
4832,163.27036112743104
4833,54.113137645033774
4834,108.65474303252196
4835,19.74440806540857
4836,107.221793039815
4837,6.0094517749096825
4838,173.15043813049587
4839,251.23963356978794
4840,74.7420541019161
4841,146.98642882949676
4842,250.16533865228268
4843,225.3072215448012
4844,65.38107636982542
4845,170.86172576972558
4846,80.49890335815526
4847,202.86846034536936
4848,186.9483553999494
4849,34.43928698985228
4850,148.95607844467935
4851,49.29088740226193
4852,156.11458463346614
4853,279.3828386620647
4854,104.4471061475581
4855,31.923439310099784
4856,203.42147220023065
4857,312.7949780827479
4858,166.06255591133328
4859,88.68004895941117
4860,21.807946653288436
4861,201.09015888836933
4862,149.15197677406786
4863,125.40910271383738
4864,71.44807318450005
4865,61.57949335203556
4866,149.58208997713876
4867,171.39843884432446
4868,14.304757971037647
4869,33.92245393323375
4870,315.9100196980873
4871,160.75621678423096
4872,119.58865896049095
4873,76.76484235301453
4874,59.365412443326484
4875,59.971667793678805
4876,180.75647743120447
4877,290.6193540302135
4878,302.34504079531865
4879,78.5532463774204
4880,132.11037307955604
4881,127.67768412990375
4882,225.32735912678362
4883,89.60780848551686
4884,184.7435465704206
4885,132.55081226115246
4886,8.016016163367016
4887,42.09598125542416
4888,142.37321244088398
4889,128.6253905485831
4890,78.96122150802442
4891,241.45387482697467
4892,228.3498152525468
4893,240.94957593573156
4894,80.4952129018169
4895,81.5661343076246
4896,143.4530285393688
4897,87.10291456306884
4898,47.91305737145724
4899,34.64091826168469
4900,91.68358659201597
4901,106.3511221116192
4902,18.587712828348153
4903,143.07178512833522
4904,62.15771722488236
4905,172.57922317386783
4906,-9.118818910270729
4907,153.83714755377844
4908,108.5358384843612
4909,169.40069096652883
4910,165.36519331186102
4911,84.46320620269887
4912,102.70365396367906
4913,102.67886515116564
4914,115.45447177332323
4915,262.25937709646405
4916,-11.848709725778978
4917,94.29158773632845
4918,115.56088771546347
4919,11.436800978570933
4920,162.84433196611658
4921,89.36573200710512
4922,153.3260127061252
4923,28.69174294422447
4924,164.69234620812787
4925,78.70948915092124
4926,293.60358897843383
4927,45.65960165220414
4928,93.71839419028325
4929,170.16638172378893
4930,144.04165081202288
4931,77.63053632925767
4932,77.1485672926165
4933,137.16387279326105
4934,98.41875144490369
4935,173.59781721212187
4936,114.03050925090034
4937,38.24119752962373
4938,28.93780069527285
4939,31.251224791110058
4940,122.5385297127591
4941,-2.383101697180779
4942,295.6638231880417
4943,127.02394760302532
4944,43.37271202939364
4945,151.76094368195183
4946,111.33992954876466
4947,89.99623055240261
4948,136.43797868937747
4949,106.75361277611863
4950,112.90342430933903
4951,185.82331769939302
4952,177.9285847044716
4953,52.17982805060481
4954,43.8185875422144
4955,68.33612718219877
4956,111.49407850488323
4957,124.69419953966712
4958,163.61404731934928
4959,30.112264189033777
4960,39.85607827082975
4961,312.71520697275764
4962,83.70606975969882
4963,186.65654997622943
4964,49.381886742924245
4965,30.240540374384423
4966,5.757280373243033
4967,20.4953020364257
4968,21.38501209678273
4969,191.73323362447334
4970,78.1368324832023
4971,209.99713029859612
4972,119.22844432260511
4973,99.26801934172718
4974,82.51642972106983
4975,85.28946586959209
4976,19.605341758030477
4977,78.74537026224995
4978,132.6742398662511
4979,154.85695424531465
4980,40.58208819164547
4981,238.62941748610348
4982,172.56346319059983
4983,178.49441120498392
4984,153.33330338915098
4985,79.07342205658122
4986,44.697075663112926
4987,-6.927046745189443
4988,42.700999985130416
4989,46.08598220518544
4990,89.59860603336476
4991,18.69375441576987
4992,76.30166614960673
4993,8.514849795821757
4994,159.28475266253272
4995,69.9818374333743
4996,22.340108385356512
4997,285.17553814009733
4998,136.54146616816234
4999,63.54556011859651
5000,51.08080560698952
5001,102.71050915676904
5002,205.99918030806808
5003,118.85992484168288
5004,-5.026614249720577
5005,188.71151040384257
5006,150.14216075998434
5007,-9.108019894493726
5008,86.86409507886587
5009,126.0596165445826
5010,290.53113593230626
5011,94.82227910488147
5012,61.63382540322996
5013,1.4393038482198353
5014,196.01918045236152
5015,128.16816357734044
5016,76.65250775154126
5017,113.1772401799755
5018,146.1163064568875
5019,19.0481664429451
5020,177.20382605924829
5021,-0.7361889661212572
5022,29.520534302391432
5023,27.300659764668946
5024,279.0610439250009
5025,138.88683818867364
5026,192.85731172215966
5027,86.30817089177972
5028,198.93685067158782
5029,142.10174082729486
5030,30.551448638655497
5031,83.35886084324459
5032,9.051530397687007
5033,226.13688023621248
5034,280.9707390658125
5035,125.63917060416253
5036,94.30147067958492
5037,48.62391712342105
5038,90.95668124265501
5039,142.94930275383794
5040,128.43520529819622
5041,98.54017601942431
5042,59.22496987128029
5043,124.04013775185274
5044,102.86771674268132
5045,182.34925280082172
5046,-10.256492061589526
5047,114.93797578213449
5048,188.77725446432493
5049,162.50229915987265
5050,133.85630037114964
5051,223.67002349371114
5052,181.43742064035018
5053,275.4621637871849
5054,1.1309625002134946
5055,143.77180720925054
5056,105.00351157808447
5057,126.7630662633419
5058,145.07399574860258
5059,226.58870350990819
5060,51.04934646551936
5061,132.85334377679135
5062,205.33831963703037
5063,100.48644159597468
5064,209.67879120491838
5065,171.45941632162152
5066,74.18070599257935
5067,220.49093650207047
5068,87.41073387617075
5069,92.9896973530641
5070,30.172625151988324
5071,11.973050304738988
5072,9.988598094099444
5073,287.32129406517566
5074,128.3026711079795
5075,115.56240137791534
5076,144.31951317781764
5077,144.70130410165598
5078,198.95342872397168
5079,170.05501853919128
5080,184.82255335209018
5081,28.18647980615833
5082,43.09742915389154
5083,116.92824749843655
5084,290.74534001809343
5085,313.18529100969164
5086,59.37922342490096
5087,157.0046165965944
5088,68.77289681300196
5089,66.79107763782531
5090,140.69165808173457
5091,298.52794939485636
5092,162.73202780718788
5093,52.104522506625415
5094,73.16034694156514
5095,19.364757806919272
5096,296.8125310360437
5097,117.18905779176667
5098,153.16389663385328
5099,8.516554099555066
5100,168.45496768275027
5101,104.17499706704083
5102,195.5652899073628
5103,97.65484160734765
5104,78.95587394634697
5105,98.67339550474266
5106,191.7968159781138
5107,17.69119256087954
5108,192.35852413942698
5109,311.13371084906333
5110,82.76923978996572
5111,-2.03360251447698
5112,-10.500734580034939
5113,55.79589560325497
5114,162.42596951814787
5115,96.62329884476475
5116,27.54593230798557
5117,74.97232796382045
5118,166.50476038599692
5119,10.745368981699412
5120,52.83002902806826
5121,16.713700934451026
5122,43.87914965598773
5123,89.81948155462668
5124,71.3760358269771
5125,129.66501927270133
5126,61.169849376860654
5127,216.2287756748758
5128,9.85067290230589
5129,32.15901441291274
5130,43.07831014128077
5131,26.30605896782541
5132,62.17354122257737
5133,189.6713424991643
5134,20.55401332184883
5135,84.0797805266206
5136,232.2589658610744
5137,32.27513624116183
5138,21.862686402767764
5139,94.57907154479797
5140,184.2033976662858
5141,3.4356118297267733
5142,34.075272332658884
5143,-17.640942558546502
5144,113.26977765579785
5145,90.00356495434762
5146,294.264331194714
5147,286.2144353884918
5148,72.04050773950935
5149,53.23317776381747
5150,76.2827210637122
5151,119.03540100690475
5152,73.37299543935649
5153,110.01102093531154
5154,228.65891213650744
5155,86.60037831028853
5156,134.4342180386985
5157,48.85515065215445
5158,176.35139497215047
5159,146.90804515888522
5160,236.2194351890543
5161,24.987888631158246
5162,32.18724329827672
5163,20.613657691283922
5164,32.27342640151759
5165,306.45939658680436
5166,28.576011380707072
5167,125.524562130762
5168,183.53458035630226
5169,131.20652333078635
5170,178.1882288163649
5171,-10.954752685001754
5172,100.07953759231032
5173,248.11729779209512
5174,202.99655273021935
5175,37.83363919267585
5176,131.75589013070905
5177,24.01386576589494
5178,124.32939405649071
5179,169.63998469832842
5180,28.47614951428885
5181,106.68530373064931
5182,109.03890994026231
5183,17.953707181895524
5184,86.8390836556468
5185,192.2097044038447
5186,28.19665371356458
5187,222.56797206498672
5188,39.36658397041732
5189,43.63199499992769
5190,56.332133925265914
5191,18.118341835667184
5192,224.45398305488536
5193,290.7823693722045
5194,-2.5057613611478255
5195,63.767622455881344
5196,37.410229231522734
5197,231.86500102642253
5198,35.734144293211884
5199,60.93142552699139
5200,48.89962555906076
5201,38.24119752962373
5202,279.5118651832066
5203,-2.2444339178471204
5204,28.272960368710326
5205,89.72285309987414
5206,9.114749734834017
5207,257.9603459423462
5208,33.470933546910025
5209,78.39116896434139
5210,141.63803336355772
5211,219.95373319707963
5212,100.00802850455356
5213,186.59707512667705
5214,158.09204558650137
5215,132.64548494817757
5216,293.61418114659693
5217,166.8947931566594
5218,162.9843287751163
5219,126.23891559722543
5220,186.46167575420193
5221,186.80236184323797
5222,173.91706291149148
5223,35.157617444411706
5224,52.91130769851206
5225,34.710898418562635
5226,56.323623491062804
5227,163.78877375170785
5228,242.4126443948785
5229,93.85715014783929
5230,22.985705609667733
5231,40.1126471597036
5232,197.54345609967106
5233,170.29482840867843
5234,29.853733268278884
5235,196.66811993412608
5236,163.50577051549269
5237,183.1588127619724
5238,89.03889218061596
5239,21.674975325599227
5240,149.10406628104283
5241,132.93142965346252
5242,23.87801400960453
5243,165.6360760359608
5244,131.5032843687744
5245,247.2453156432543
5246,114.01272622041485
5247,33.47390572146944
5248,56.36036056261263
5249,10.50269546555191
5250,141.06851197953208
5251,128.64525571275587
5252,201.6619389899845
5253,199.87735356272324
5254,85.41879068408393
5255,186.324736106925
5256,96.58956454812453
5257,19.442978323110804
5258,154.45951218398096
5259,155.9016370260029
5260,54.958400493981074
5261,130.9258707840253
5262,277.56883595827475
5263,100.64371771823194
5264,177.43869769089147
5265,59.71337391637026
5266,189.67491691454782
5267,100.575693979588
5268,91.87102611167985
5269,265.4524092441099
5270,118.3032967630054
5271,35.492448389767546
5272,102.85275268732762
5273,18.351979429464414
5274,158.1415015156138
5275,34.70915888250063
5276,202.2666052855702
5277,81.83405865865558
5278,-8.501163515135676
5279,-15.568805077724981
5280,152.6891431761237
5281,145.84092403706046
5282,39.47452536917378
5283,28.718624795992568
5284,162.7746555227003
5285,35.354106868087115
5286,8.895123749553365
5287,115.86091433446911
5288,102.66726922604539
5289,104.37395469305673
5290,173.93107604975918
5291,149.9111876298498
5292,143.57918704453292
5293,68.63373667943273
5294,54.26787407502422
5295,191.50055551693438
5296,213.49917228935595
5297,177.9490660122281
5298,110.26865680765934
5299,119.76205695904426
5300,138.32618479656696
5301,107.75533335077088
5302,117.02848957256849
5303,174.099605281214
5304,62.74924543713849
5305,78.76577200064382
5306,197.37172571818581
5307,88.9843241950712
5308,219.63359549883822
5309,109.08270093243196
5310,168.59718381171095
5311,118.34036414302575
5312,137.87676274590902
5313,292.8620505922126
5314,202.90273418270436
5315,101.76497718784292
5316,122.01156510745022
5317,197.12723456187518
5318,109.304846394416
5319,30.94827572427422
5320,79.39208954516434
5321,82.06596984410706
5322,150.9490958743437
5323,36.219946316804354
5324,93.81140031881974
5325,81.5083778580457
5326,191.85460264256758
5327,11.712586356797875
5328,14.270961642562517
5329,0.30621120940692853
5330,220.1856278650995
5331,37.00354249822905
5332,299.23029385776107
5333,165.4281342301977
5334,40.695584101952754
5335,227.4159716205395
5336,15.171711104105864
5337,257.2372489885842
5338,114.10838411615768
5339,129.5753581186126
5340,136.6358241198664
5341,205.18036704506022
5342,79.2293187753742
5343,42.99939465395574
5344,138.2579513343884
5345,71.74300141810446
5346,139.29639574083723
5347,113.13028634062732
5348,-15.18739475546389
5349,158.51096363764356
5350,160.2741211714029
5351,43.38603179132565
5352,74.531192108106
5353,33.85402715151204
5354,133.3205549203502
5355,77.31763579978634
5356,245.8206543743132
5357,193.6805092337328
5358,27.848637198205008
5359,17.36069589472394
5360,237.61065670985482
5361,8.016016163367016
5362,28.19665371356458
5363,48.524000773713574
5364,7.248539540088431
5365,69.4589246066216
5366,109.72182059994947
5367,148.18526572427882
5368,48.5765613580282
5369,135.88649387090942
5370,155.3118926697705
5371,30.143255649838373
5372,114.32237461243398
5373,146.27772058298814
5374,115.79178819888563
5375,20.509594063890592
5376,136.54210916054095
5377,237.60997648213814
5378,159.96612879857477
5379,138.36306014136804
5380,24.195519930802966
5381,27.708554562116092
5382,108.17679756483963
5383,271.47164847680773
5384,43.05736533379855
5385,148.30456010005932
5386,89.93096753702157
5387,159.68980764329876
5388,-15.34183228994544
5389,100.81700923179675
5390,197.81009758900814
5391,194.55431525767165
5392,111.71750176910267
5393,2.5359003187127667
5394,104.07527827671208
5395,123.53737803758843
5396,61.40453533144111
5397,222.50217715625524
5398,59.802022186529655
5399,50.99884528849948
5400,111.42568168968644
5401,204.71854946730133
5402,132.93142965346252
5403,107.6910124699961
5404,-4.566623829201494
5405,48.78957494202913
5406,-10.507904577039705
5407,-10.49543927740567
5408,32.30671204534001
5409,106.19405834279989
5410,141.57360273010693
5411,-11.914927093402003
5412,250.3712691882909
5413,18.977643387246104
5414,104.30892717988753
5415,24.105368158629723
5416,131.99035719813773
5417,13.259139637378748
5418,27.40396532406473
5419,140.68097195965015
5420,156.1309467560361
5421,241.09828035964426
5422,53.88040082477543
5423,135.18844422976017
5424,33.14962191215124
5425,212.7152115731353
5426,-3.7383988135467408
5427,69.35369382979432
5428,202.11732645444516
5429,246.87115766242607
5430,113.18805831946347
5431,240.16656745471832
5432,107.67413812180489
5433,151.6330751128483
5434,-2.1399951403854853
5435,100.99788771227372
5436,96.33082164097284
5437,-14.11401737449993
5438,161.47701399715928
5439,129.23863827485397
5440,121.69819135145667
5441,186.02748401650294
5442,180.217259326593
5443,123.63087260982603
5444,158.2159327610808
5445,148.31227087920004
5446,-21.2294503644278
5447,4.495662726003844
5448,42.82947246871394
5449,186.72255777115106
5450,63.3028895236595
5451,76.88386216655284
5452,3.225236899678772
5453,-16.725865511201302
5454,-3.2695583250941462
5455,-3.5691241106607916
5456,16.938051403271828
5457,25.679612580932563
5458,109.22896651095384
5459,103.26571200502391
5460,182.57189851061176
5461,173.42806508742657
5462,31.52108975565008
5463,48.78471973834732
5464,112.534401934687
5465,156.52865486921542
5466,282.47518351245225
5467,75.9264857695774
5468,35.37613924557226
5469,-10.114551082461992
5470,34.485079878771984
5471,126.23514971625085
5472,64.36430542783872
5473,82.69408871731198
5474,87.71712755528534
5475,81.4059815871058
5476,147.17769437062714
5477,150.40995803082777
5478,129.350216122203
5479,159.07243490369916
5480,74.04133582847541
5481,114.41157052885589
5482,52.714696473610154
5483,292.0617418558777
5484,148.67654598153015
5485,27.20122625423233
5486,79.58124792418657
5487,80.65185647860443
5488,127.90259568657885
5489,113.61313781547693
5490,100.01497536805213
5491,115.85374343666905
5492,15.8142366301654
5493,76.19425251450468
5494,131.43666067202665
5495,6.875528060394168
5496,139.2218813912383
5497,50.74583978717439
5498,187.19998124592982
5499,143.83924438340622
5500,257.56429960329416
5501,162.49379127422284
5502,150.89502529817776
5503,184.25081952629418
5504,69.10841673305853
5505,93.18080595413039
5506,185.84742439033246
5507,108.70277009365303
5508,158.42093292669887
5509,109.98967375107298
5510,312.5870866239795
5511,15.677191435584202
5512,312.721885982578
5513,123.52099617261894
5514,87.75550598473188
5515,70.42832160196404
5516,79.59600319515269
5517,117.25826491292797
5518,12.896356194523381
5519,19.328963999304097
5520,83.04969883596691
5521,179.1249567680974
5522,118.6086252685464
5523,84.75060190864102
5524,290.4998456452809
5525,191.55520964889135
5526,27.646533856981915
5527,120.26869824076314
5528,41.02430226518357
5529,51.918222224233915
5530,62.50915320466156
5531,196.34068484156305
5532,152.50558842955206
5533,150.31703626705962
5534,181.1245490666085
5535,83.2959869165064
5536,122.40646337073022
5537,98.83497916462909
5538,188.49622865372285
5539,59.724846520827704
5540,75.88013973210204
5541,29.56364482035568
5542,100.43861099138994
5543,167.98179255628077
5544,89.4366208456231
5545,202.3805655610526
5546,5.121089219705612
5547,21.235716205706332
5548,33.47390572146944
5549,-5.462302831998177
5550,166.5444632472671
5551,148.4206620198404
5552,130.08519186587498
5553,66.09323139793632
5554,57.86521330129408
5555,153.19015424636189
5556,220.5896563502831
5557,214.05235078412045
5558,141.21026429642723
5559,91.67435684611671
5560,208.87511305492455
5561,197.37033610134085
5562,278.4812532356485
5563,157.74081281892677
5564,123.85875154090843
5565,287.53680710790684
5566,158.27000245192767
5567,275.6849151548581
5568,116.74772271802134
5569,32.238337726270956
5570,94.16295922087407
5571,35.53402161962094
5572,34.48160306253767
5573,56.34569034251636
5574,205.92990865241526
5575,205.98512455525844
5576,167.1146566118867
5577,49.61258093077081
5578,142.6728979570247
5579,141.8524705029821
5580,164.3649702394403
5581,103.94281296167607
5582,100.48346467630705
5583,255.1647933666727
5584,46.56108034117973
5585,135.29359272067538
5586,110.37519439158696
5587,30.84132211920779
5588,23.30040470344938
5589,97.06971470471207
5590,179.98186593543375
5591,201.53489558501445
5592,150.7835633278035
5593,1.07467057143051
5594,147.9308060179529
5595,135.44522407352844
5596,291.9825744368221
5597,14.798520543619006
5598,186.62329990954035
5599,-8.868126244692808
5600,49.97386864453537
5601,31.37781895819454
5602,156.6785304122378
5603,167.17097326790076
5604,145.11903483930175
5605,113.89538072957409
5606,34.20082301163642
5607,0.5148919586831441
5608,90.3918039783034
5609,180.07863297249457
5610,79.46060868555105
5611,190.44713978480738
5612,147.24054225090407
5613,13.907012221199034
5614,57.47779467743199
5615,242.09485735021093
5616,2.7206266774899617
5617,31.985506375105683
5618,99.51193671947857
5619,104.75327725647175
5620,32.949267655007006
5621,239.7932851453651
5622,231.80683444886063
5623,172.73581427988697
5624,208.24016481033897
5625,151.98466121404888
5626,8.372650509131494
5627,286.26200032696596
5628,23.18206713381379
5629,260.1865257714955
5630,191.03620487668664
5631,45.24613555435856
5632,138.44851182624438
5633,101.4613628862942
5634,45.87263178612813
5635,40.70971150176593
5636,60.044716132546874
5637,175.34587030338935
5638,11.272909179459544
5639,72.33065442505205
5640,33.074626849268746
5641,267.92671714778504
5642,109.51427199507295
5643,175.8502840895313
5644,135.43604861800517
5645,-0.6993626501732977
5646,128.0562997866324
5647,17.141815143840823
5648,93.51077307551854
5649,16.0693394639212
5650,37.75941239868122
5651,333.8456160590796
5652,155.6820094932305
5653,26.90588600125619
5654,39.048405400354305
5655,103.09679065220064
5656,113.79692079019367
5657,59.878300228672735
5658,58.45064199399184
5659,192.4995901673287
5660,102.49667481311725
5661,48.33222445502541
5662,0.5904156436164775
5663,201.22193926289904
5664,91.8219406837729
5665,109.01510658433823
5666,24.911600195744185
5667,148.1266776848401
5668,2.787656523608711
5669,55.09145611856907
5670,270.9918172909715
5671,-17.724759765643146
5672,114.96564297358643
5673,51.21039700679701
5674,115.2244646055755
5675,147.83511068561484
5676,266.81216705042516
5677,184.21751201566892
5678,21.335941644910992
5679,217.2801709312674
5680,175.85346706817316
5681,78.77523750789021
5682,30.743307381940124
5683,90.27545072608073
5684,44.2936359638587
5685,102.31208294524266
5686,102.88199884454035
5687,166.75516906599321
5688,21.070025829656178
5689,43.01360678450919
5690,48.888805217223684
5691,53.460343223759146
5692,188.18235455680815
5693,66.85039882590435
5694,26.484464373125917
5695,159.25747408157292
5696,30.344092614723042
5697,138.11958792529458
5698,30.046616420664936
5699,188.91113071034377
5700,52.32515140903271
5701,34.585561209768606
5702,93.99898800798934
5703,101.3333083251803
5704,1.2296673320282123
5705,260.1701482333745
5706,53.642061623512404
5707,73.11251668377386
5708,98.75404678742125
5709,1.872193572838982
5710,37.06102674738457
5711,10.489991908173877
5712,4.225943942635515
5713,150.36636150201676
5714,28.35674591675125
5715,159.88762007173392
5716,65.86465872951426
5717,50.709403900318
5718,151.1339600545428
5719,80.8735156141531
5720,118.96036655308812
5721,95.63262194057688
5722,80.02406886443109
5723,-0.16361681137150338
5724,149.03783112354014
5725,39.009987875641855
5726,127.0517752046111
5727,29.313238365109655
5728,154.19556724000503
5729,106.72721316805142
5730,1.0434283497923964
5731,16.95556652691302
5732,29.703089052943778
5733,65.61618691737588
5734,171.51368040802126
5735,105.33156997528847
5736,131.24198214130794
5737,237.90847280840336
5738,202.95165528996222
5739,95.96343699925761
5740,36.08249531952746
5741,274.9102034234889
5742,122.06617136191049
5743,93.03152832683372
5744,125.54030466250546
5745,133.43620493734272
5746,168.32253376214604
5747,312.5358460828051
5748,1.0074397874631331
5749,73.82469025598287
5750,117.72833028235229
5751,106.77096491349096
5752,-4.748172837047468
5753,67.26750161479914
5754,178.77897113484738
5755,274.20132017188945
5756,121.60657701938557
5757,176.2023518916382
5758,144.5080033784977
5759,102.48463104770401
5760,120.73299656083864
5761,88.87815970590638
5762,-2.666670789231802
5763,73.45671860202047
5764,3.8567951022393796
5765,137.07454180898984
5766,72.01327378558156
5767,130.8686241350466
5768,174.8404840867183
5769,67.70461423821615
5770,206.1671909102365
5771,148.6498814379743
5772,115.71145525207791
5773,268.75580626382634
5774,0.13691976871793116
5775,26.806011667131354
5776,18.831637793928003
5777,198.08138817940105
5778,288.28233059054077
5779,56.9949881773723
5780,123.25390052116454
5781,50.47840811214164
5782,24.876932258717506
5783,158.09030751525563
5784,21.742075907277638
5785,92.45049493449802
5786,172.23228075185676
5787,80.79239088294348
5788,157.1327119136738
5789,73.10967866826772
5790,177.6742500645625
5791,89.81381857288262
5792,73.39551142223026
5793,156.86362651199366
5794,151.0182791836231
5795,146.75736988207615
5796,301.37581057582
5797,145.6464721017822
5798,178.98779044698753
5799,71.7535443081935
5800,153.23618261580626
5801,104.93743107371431
5802,278.2174306337436
5803,154.3212482405722
5804,126.05188023880355
5805,123.32420544890027
5806,187.54938375259744
5807,113.48292053399466
5808,135.59403697070098
5809,18.495607054491867
5810,142.21623552849326
5811,50.274398999580015
5812,33.19536077483569
5813,187.80795860826132
5814,25.625674358474374
5815,34.00171212386579
5816,11.693443947929067
5817,150.0181680662511
5818,152.00328068779913
5819,151.23480642776866
5820,15.171818293667767
5821,39.99486935049898
5822,115.52686382329689
5823,79.54522215479085
5824,141.62812122225188
5825,47.03981146390181
5826,57.54022166117518
5827,266.21305916460506
5828,86.34322381989432
5829,95.04698174773023
5830,110.35731830297378
5831,91.46153370946489
5832,22.93233570827377
5833,138.08887882933652
5834,173.97131081982218
5835,98.32790225456803
5836,245.23559365896048
5837,187.5083258350079
5838,11.193011446362231
5839,110.81866773055567
5840,34.61721022892499
5841,314.9970783227085
5842,168.57721510164887
5843,66.53122822907511
5844,45.177476154863385
5845,287.87301441625124
5846,28.39903963824381
5847,128.167161733754
5848,44.42498297060126
5849,-16.16324335799991
5850,245.0172994537929
5851,-13.123494520851983
5852,217.73944467586972
5853,153.02689011002562
5854,7.852131611731376
5855,135.39529112582053
5856,59.23339738947004
5857,107.23618662718938
5858,161.48299809306212
5859,209.7962018704605
5860,96.971268730056
5861,52.67389457202321
5862,145.86154136504317
5863,147.87588606584802
5864,127.77163948229384
5865,100.77005369055885
5866,222.53342914183966
5867,173.42347369241568
5868,60.47193794673407
5869,63.899239191601666
5870,103.70547479815814
5871,106.96638430512552
5872,47.236978814951186
5873,304.2925357277643
5874,132.79869512712187
5875,86.26509286376336
5876,95.98655208331651
5877,45.56367421777926
5878,57.271772008592635
5879,138.2454951697631
5880,129.32946665642348
5881,93.4222037566588
5882,186.01704272102103
5883,129.60844434413718
5884,14.09079662011569
5885,68.17260636723904
5886,-10.705910298787844
5887,151.8796453384624
5888,182.5351926441351
5889,197.19214548965698
5890,17.69119256087954
5891,80.98273662263598
5892,199.73047760885208
5893,160.8429516815541
5894,172.2648353338417
5895,109.31406138592826
5896,29.134573144016016
5897,8.26413452888917
5898,104.10547519421198
5899,41.126145724159365
5900,227.62979086091394
5901,167.0151554862123
5902,95.0993386456282
5903,108.57274581997339
5904,55.97927687058751
5905,-26.37523758674995
5906,111.83337642264785
5907,183.195786078846
5908,90.99039497202735
5909,98.58901219790499
5910,73.25220196322175
5911,209.87267105327234
5912,245.28133517452488
5913,208.20264333443788
5914,141.50163447386305
5915,77.51994868807334
5916,47.15664866173755
5917,69.04393876577036
5918,129.01301937422238
5919,30.48580891004114
5920,16.75557319375441
5921,45.69705398701259
5922,74.90080017239386
5923,221.40659483463227
5924,36.641027066795914
5925,24.20667173298841
5926,56.378629210373546
5927,34.94557270955018
5928,47.94924377783896
5929,74.531192108106
5930,139.15451198339267
5931,144.90385470590087
5932,145.017556847212
5933,52.717316119825654
5934,0.39217340599895134
5935,31.49476181654375
5936,81.03743147785887
5937,260.1932672683878
5938,83.75356250507335
5939,27.339780030438195
5940,68.96426293212815
5941,318.6985249081396
5942,99.03025164887508
5943,82.08912862912676
5944,62.686990531459685
5945,70.74462748017737
5946,183.98589291915957
5947,59.28103393107643
5948,32.28962729297435
5949,88.84136335818798
5950,-0.12271521504125
5951,240.93082888762925
5952,43.3087502986042
5953,63.71599232770924
5954,183.89410100054235
5955,63.57439515206106
5956,51.04934646551936
5957,148.07973192010968
5958,141.74629081226547
5959,106.67383836472085
5960,77.14364031355355
5961,95.37053474374065
5962,1.422719541001181
5963,223.4934144231804
5964,151.5661448446404
5965,92.69216850970083
5966,119.58865896049095
5967,19.364757806919272
5968,227.00129925301886
5969,82.89662788855432
5970,88.84136335818798
5971,186.2954989739198
5972,31.140477882423557
5973,175.72576608337158
5974,123.20302442634805
5975,130.05866908427151
5976,44.56554533673238
5977,186.06181439461318
5978,163.6415341288437
5979,98.73030779276738
5980,117.91917596458721
5981,36.66441649061741
5982,140.0771706228482
5983,126.04706121939638
5984,4.799577899140072
5985,111.73426528709199
5986,77.1457568696101
5987,88.4320453030542
5988,6.249737076452236
5989,129.77378012861513
5990,12.843150618914333
5991,-0.6139622893150023
5992,7.9788208945228405
5993,298.52794939485636
5994,7.363960786957126
5995,64.4949347569683
5996,319.08902607778055
5997,52.77701820285302
5998,54.85789070851427
5999,-15.789278883633402
6000,274.20132017188945
6001,172.9233617387483
6002,-16.179944988277427
6003,45.387140196550305
6004,176.6040496717013
6005,124.07808616652895
6006,-7.330133600543297
6007,139.08717463932845
6008,124.16454981834453
6009,-0.8146537118992263
6010,110.44083322528208
6011,42.06861875624021
6012,88.28708265711458
6013,25.340265704994245
6014,40.69580578001888
6015,76.99080968147084
6016,130.8054364513981
6017,61.555483416847494
6018,104.53323814131973
6019,36.17669078233756
6020,98.61165589783019
6021,89.42672563209632
6022,94.72549048828368
6023,46.07618655253004
6024,214.80381846244765
6025,181.90188563352024
6026,175.53832744448943
6027,180.14518330396635
6028,138.14143759057694
6029,251.87362420081243
6030,23.929074807533016
6031,304.866142656245
6032,254.89342453942643
6033,172.89725392419345
6034,87.90996347088092
6035,87.29889959414658
6036,51.54222236778659
6037,1.94272623997566
6038,87.06458139719753
6039,64.80846702527678
6040,143.42763482685262
6041,159.43050064802986
6042,233.60532764044146
6043,164.42283079539612
6044,181.35304185440717
6045,212.1859241158667
6046,292.7914687759283
6047,126.10815462062806
6048,128.49744396769697
6049,296.2657138599814
6050,-10.906117024570529
6051,86.49732311719849
6052,206.8296267002266
6053,130.17274238795028
6054,115.73293700809714
6055,170.12351139486415
6056,174.80590604058239
6057,44.60565340327485
6058,126.74160305921725
6059,41.597774160141576
6060,95.2742398111427
6061,81.44882924072546
6062,130.4548604585097
6063,284.5507937245109
6064,33.199187390756755
6065,148.72726511087956
6066,148.52536411251938
6067,-12.6254211602838
6068,39.06194728870487
6069,139.92388263850555
6070,64.88775937491307
6071,59.994483432328934
6072,-12.713169596257396
6073,18.66392131780473
6074,-4.331724502420054
6075,38.882842149465176
6076,144.77273713693293
6077,14.680070079817817
6078,198.80910443597253
6079,180.14801902719364
6080,230.43840041184663
6081,13.83507608916846
6082,124.033358732127
6083,276.4831915218403
6084,191.2469323118426
6085,19.55668333577453
6086,272.9037531209996
6087,98.56531916710556
6088,297.56963844901793
6089,180.24901291190469
6090,35.65860517626654
6091,164.08852613767777
6092,29.162739254645825
6093,89.57408779397771
6094,124.33353045219225
6095,29.696678571070102
6096,74.9087415008496
6097,187.2068173789184
6098,65.7606936937048
6099,72.83619753166623
6100,201.04342658265614
6101,89.72285309987414
6102,154.77906195139988
6103,28.73331066681656
6104,157.43678964374354
6105,57.27942138127894
6106,134.06553637713643
6107,116.85539904385665
6108,163.25825463979115
6109,33.42408826954551
6110,274.20132017188945
6111,111.67144540951573
6112,171.57753082465794
6113,47.52222398426916
6114,27.830178577788367
6115,62.49889886255074
6116,79.13194834484278
6117,158.5578486815702
6118,85.90949687372165
6119,140.49473299478223
6120,228.37102526048474
6121,163.06135234270525
6122,85.46477797188932
6123,13.607568783697804
6124,158.137586082049
6125,112.3287395947596
6126,121.89483864618258
6127,147.95947963427287
6128,79.83634896659447
6129,159.83456080400708
6130,88.43992585329116
6131,64.11644189469712
6132,58.42797772364601
6133,131.89056019575403
6134,133.57030057978878
6135,146.20827685369454
6136,79.44359637830769
6137,143.51124039649142
6138,81.4321937004165
6139,18.57754825704942
6140,32.19056277393813
6141,138.55397175395967
6142,29.854834795829518
6143,144.97271141622025
6144,116.31095128274904
6145,252.2127381255176
6146,150.51017643485298
6147,85.62705935134719
6148,121.64587214825285
6149,116.5708992102427
6150,134.88470262858334
6151,70.91871312877907
6152,127.21287661861918
6153,53.36922102866482
6154,79.41002848441855
6155,141.3585533256811
6156,49.80338395972209
6157,161.46291780572744
6158,145.86154136504317
6159,0.3753979960695884
6160,5.56314463470358
6161,30.57994762775253
6162,192.2192211682616
6163,166.5565269159543
6164,203.47234076830085
6165,148.5140013916662
6166,36.45360935605684
6167,87.33757695541728
6168,-22.85206452277539
6169,103.7067917140507
6170,28.662974713401074
6171,155.7461041918064
6172,113.87032217971795
6173,166.3691733288066
6174,118.75356351031932
6175,129.82727500162122
6176,148.08726562266745
6177,178.92113152174878
6178,328.57835279936063
6179,14.103313612788217
6180,107.07671110019285
6181,167.53692121114398
6182,4.655751477786837
6183,21.035931210553244
6184,5.401116219596754
6185,186.05823524096067
6186,16.07182024415221
6187,-6.2696572764582275
6188,156.44851605218554
6189,164.78324259605867
6190,176.31648118831873
6191,176.45885662788797
6192,75.75750555195658
6193,50.32316558023645
6194,216.4606440317991
6195,210.5902121644788
6196,177.32886255154787
6197,14.986695128148948
6198,106.19260003996298
6199,193.196005135819
6200,0.25902789231631157
6201,112.37231547166016
6202,181.56011917547173
6203,58.68556914393162
6204,27.59207612134631
6205,81.05168561894092
6206,173.41888451734863
6207,167.45617882288428
6208,192.77878069265915
6209,27.265350048335122
6210,95.73765212839245
6211,91.99917095723352
6212,153.00263571617546
6213,156.05731983097758
6214,151.44127654517993
6215,116.98478957617677
6216,49.3616896733387
6217,181.54376721816567
6218,99.46847132550903
6219,86.62663510056024
6220,263.2272772917329
6221,286.29616756666707
6222,88.87177308706285
6223,55.74782790302682
6224,71.53475438146326
6225,143.9630251855846
6226,23.270424237741114
6227,36.11854534478288
6228,71.93048054736974
6229,122.05548006298149
6230,75.87996418077084
6231,107.4032252444173
6232,21.979226809928758
6233,104.59907036292547
6234,116.17145657934567
6235,44.87324488060048
6236,8.90971732569859
6237,30.28563984309254
6238,144.93413434642227
6239,171.0297847403451
6240,100.76815369787172
6241,32.36970161521625
6242,54.582804427473626
6243,298.52794939485636
6244,44.4144860903333
6245,91.74760570990645
6246,177.53643527885694
6247,115.34439998739414
6248,136.34317304228674
6249,51.38028495327976
6250,59.36351262705177
6251,73.69162478480736
6252,33.74789034919101
6253,55.04727157229787
6254,124.89079977865877
6255,118.70973737344595
6256,3.1128573369466683
6257,85.66034596859993
6258,174.55781375052103
6259,-1.7650912931286833
6260,147.91286981137546
6261,241.4394080527769
6262,263.776962411186
6263,144.67341983990954
6264,165.97829103817563
6265,13.927954879507793
6266,50.64507575530108
6267,7.597244109608975
6268,89.10851827178713
6269,33.92245393323375
6270,272.5616919164698
6271,191.42345191493257
6272,73.83470461422907
6273,35.07115588076864
6274,139.21689452008718
6275,17.89977998135299
6276,31.419697771384943
6277,-7.859412530988307
6278,175.74378016863716
6279,81.14938706392576
6280,297.8906792648878
6281,185.75662763407175
6282,-2.0240991325428914
6283,149.3779429161605
6284,49.69138046178978
6285,105.54656635430148
6286,102.86413425312648
6287,224.26950168105176
6288,208.9438060846594
6289,170.65116310094544
6290,111.0736139424633
6291,249.86216300321004
6292,64.91299300915941
6293,90.79784623918341
6294,159.71883377732226
6295,80.18992733396941
6296,117.67533693133504
6297,153.8440494226285
6298,61.064458229648416
6299,59.642756337032935
6300,102.75615281362946
6301,124.29029673239995
6302,48.16032185585798
6303,43.5608911165966
6304,172.28840045633433
6305,8.30957944150886
6306,174.01850954882633
6307,123.51584082477933
6308,-3.9320647438284
6309,102.80682413471871
6310,129.0030587637321
6311,200.03765415583712
6312,41.909014587357376
6313,125.34099240989266
6314,111.38979136987071
6315,164.87597293424957
6316,54.63185033056375
6317,291.0598103395646
6318,175.67954919955534
6319,122.08057862676084
6320,161.36115919307684
6321,42.476214230885546
6322,159.5252230860915
6323,137.76493853388996
6324,12.188727022865832
6325,132.18276533741383
6326,179.74539521110881
6327,207.99288651892192
6328,179.9990145814427
6329,63.62447906311547
6330,81.96761424688366
6331,203.06275356691754
6332,178.99311450484265
6333,262.111740078021
6334,132.68395646477887
6335,185.27521682645937
6336,179.840952823314
6337,181.17001210000902
6338,53.04476936387837
6339,262.98857626881284
6340,25.18080720130442
6341,35.03682022717479
6342,112.31941824963285
6343,149.0178591784169
6344,305.4206134451156
6345,70.59169143906585
6346,99.06546129366741
6347,136.81655394103677
6348,43.47719464153086
6349,305.47892379491367
6350,33.17853731686479
6351,3.3107792972298515
6352,162.98021272927215
6353,90.2961502569789
6354,56.15235387115348
6355,22.74296417732064
6356,168.6950623092281
6357,54.4234196923374
6358,153.48579316646678
6359,235.93747172940007
6360,103.67113512796946
6361,179.6478978680852
6362,53.25641721800072
6363,165.3540479972786
6364,132.0883363430263
6365,50.14613733035729
6366,234.86356887373648
6367,158.47645063750767
6368,47.64093630641285
6369,181.83505578073255
6370,146.2164220809026
6371,176.65119629765894
6372,184.40402098210657
6373,11.930402086239154
6374,199.20977141964977
6375,163.32710460326285
6376,168.46524965066155
6377,36.06720097008808
6378,88.77074805921663
6379,25.17145789448173
6380,127.54994805760586
6381,282.96892603556086
6382,298.52794939485636
6383,18.466441231697694
6384,160.15490148354667
6385,224.94384048699513
6386,8.7163752041477
6387,197.84064048003034
6388,82.39079049228245
6389,104.40705764341735
6390,95.97071279370572
6391,156.27562366752744
6392,17.175437342477704
6393,109.08270093243196
6394,159.293947166945
6395,141.88569860184106
6396,99.50179239294222
6397,26.565831615479993
6398,191.81637166057624
6399,260.59106764350463
6400,200.56899401226497
6401,134.51072480133652
6402,198.05776478699562
6403,25.231454976186857
6404,144.31211903311925
6405,162.8270880325195
6406,151.1664393589815
6407,155.94536843938417
6408,77.5016155691239
6409,67.60050910875198
6410,76.47928859115005
6411,60.98546541860287
6412,72.79994476953311
6413,143.65791451625745
6414,250.10187525449032
6415,24.53738247200342
6416,217.23238636527594
6417,9.342087264960323
6418,203.34934539834742
6419,220.21015072627858
6420,11.97506396929115
6421,-1.8819795333561975
6422,133.97423813699635
6423,150.00433002919073
6424,154.25205916083425
6425,23.370567835571716
6426,82.86226132767683
6427,14.077267928369503
6428,-17.131345349020627
6429,27.1996584485671
6430,78.17799727649997
6431,95.17441676496283
6432,46.84767165199293
6433,7.095441531518452
6434,99.63185630963267
6435,194.84515533558766
6436,136.83652423166973
6437,181.06721168145194
6438,157.38394945497697
6439,239.2802524041373
6440,24.797724459844176
6441,127.65077273937621
6442,87.43149678300027
6443,301.91215263564175
6444,94.08209557952294
6445,316.78303231429044
6446,39.2174332551336
6447,21.988107219352404
6448,91.54598467145529
6449,102.04985966471075
6450,191.71199355279796
6451,162.53525068314107
6452,160.8332323934898
6453,62.402212678329796
6454,87.32589859744809
6455,273.22353337780515
6456,123.10977173489577
6457,156.28246795008025
6458,142.39512888411957
6459,23.99048378293512
6460,106.86183370230587
6461,34.497478850683464
6462,35.4691143385652
6463,25.780109881258408
6464,113.01099774456081
6465,39.98098152080627
6466,99.1523133777538
6467,166.65994838775697
6468,130.11561516291226
6469,36.11854534478288
6470,62.62962326775393
6471,43.156620406378316
6472,163.57396313780907
6473,39.251012456157866
6474,124.02017821264134
6475,190.404408426674
6476,1.8955259948267542
6477,113.83841400535067
6478,56.709016355503145
6479,122.48654443291711
6480,181.27765516149373
6481,111.88532196730357
6482,170.26839652258323
6483,10.049570157692056
6484,161.71863604102677
6485,88.89187864574266
6486,-20.10362813200708
6487,29.550130301394674
6488,98.0655160324435
6489,85.6809212556598
6490,14.09079662011569
6491,239.90022556374115
6492,136.27107586163024
6493,2.5359003187127667
6494,-19.55326207490407
6495,135.51497410497893
6496,185.5583357365488
6497,108.5021488239524
6498,53.45898613010558
6499,50.99011041939591
6500,83.1541014998153
6501,205.35293644068275
6502,-15.809707027928596
6503,174.70532585410942
6504,155.2231999848952
6505,9.681983895598405
6506,42.616887889911965
6507,44.38884983761662
6508,70.13101102515859
6509,8.35979278531734
6510,158.0646095584074
6511,94.0303735792544
6512,123.27534180812037
6513,69.36469343492023
6514,44.040235781768644
6515,40.92348603305594
6516,63.99724819871544
6517,145.42417042729747
6518,162.55549600534772
6519,298.6899483670836
6520,50.709403900318
6521,238.50642742642734
6522,92.86575292551453
6523,136.14829467771114
6524,68.72536169629777
6525,24.41900011270079
6526,44.85383731275289
6527,144.05263137140554
6528,32.40675585673364
6529,-22.113815829117613
6530,274.2400064021286
6531,171.53807998767147
6532,238.7873913350385
6533,61.54904469679918
6534,220.6073397629073
6535,180.88261984896405
6536,135.97734083966284
6537,316.78303231429044
6538,53.05746179314909
6539,123.7658795076107
6540,166.38631963648797
6541,152.14910695951235
6542,218.00852213260663
6543,90.27867341893402
6544,70.93063326488351
6545,56.366448868481655
6546,15.07374130307021
6547,34.01841549599716
6548,-14.11401737449993
6549,83.652285250736
6550,101.42914981978453
6551,265.5124952893905
6552,6.979472973925215
6553,136.99851044917253
6554,125.8166945509295
6555,86.02640785269932
6556,84.96072272608929
6557,220.6600993037108
6558,23.281580308701535
6559,56.536599807854934
6560,63.82547591672138
6561,64.4423701757319
6562,247.61984129085485
6563,121.73721323388848
6564,165.956103463634
6565,75.7027178120802
6566,108.21655086580242
6567,205.71999156644097
6568,111.21611172080839
6569,36.866684610631886
6570,192.32151601936803
6571,151.4412300362827
6572,88.75505334742779
6573,103.45416203422239
6574,6.387324693725825
6575,114.21826461850797
6576,103.64263278061063
6577,173.8614992429269
6578,21.232298358964453
6579,14.501339120908504
6580,84.05402664049781
6581,192.00998538828162
6582,131.3824599086691
6583,157.8228770529397
6584,98.9750766469069
6585,22.688042950402707
6586,129.70444831238186
6587,258.55111357143943
6588,67.11117772897478
6589,97.5452916060239
6590,270.64164268812635
6591,92.06771121033168
6592,119.71956983887615
6593,178.50473186408297
6594,185.98444439406984
6595,123.92639522383723
6596,22.519046991834966
6597,219.12236464977215
6598,70.64007690045969
6599,191.85939655681912
6600,274.26280777858824
6601,150.138801472298
6602,14.377389412509562
6603,15.451008495839393
6604,-1.3814054043571964
6605,65.88878248464151
6606,302.8495546139948
6607,134.02509166904667
6608,39.66586966053527
6609,186.0044935654441
6610,229.57436758402486
6611,200.9755597235062
6612,72.31746686811867
6613,266.70658942087374
6614,25.982864885873518
6615,103.69256818398362
6616,-16.617113378531993
6617,180.40855822721414
6618,133.68360692477893
6619,33.75330432427061
6620,214.43939021791581
6621,94.48367409989905
6622,149.87151934306908
6623,156.750537672237
6624,27.593292375186063
6625,92.36309454224022
6626,134.09930181032743
6627,33.074626849268746
6628,311.13371084906333
6629,102.80309018558852
6630,38.32244398515739
6631,176.80827382748953
6632,58.02348040031227
6633,28.75823351961498
6634,108.75280444315696
6635,21.63170888744002
6636,61.8123945209781
6637,120.67658491801426
6638,13.629766648375668
6639,106.10659762501577
6640,223.44742872616453
6641,28.1842341874647
6642,21.135191435230233
6643,67.55617813036807
6644,101.39057040359162
6645,-3.8324525276888197
6646,31.00442772953605
6647,172.6793520103015
6648,77.05007973888169
6649,-14.654295380889373
6650,2.5393251187634562
6651,74.67022559030391
6652,156.36752696849314
6653,159.02731843395844
6654,132.77361354308724
6655,165.37879485709982
6656,69.2941181724301
6657,123.27019237294472
6658,-22.28830469743905
6659,274.261207650585
6660,143.26972944743213
6661,160.58223599272057
6662,10.591227805322509
6663,155.44578599600683
6664,24.324356471364528
6665,-5.2695185934323225
6666,-4.897312190654007
6667,59.55702988481928
6668,199.63280014125044
6669,218.23444374755374
6670,51.32857339429297
6671,83.89319140101836
6672,133.5490741077432
6673,151.00191346909938
6674,158.63485123200337
6675,183.232630365487
6676,75.78106146566182
6677,172.23240990666278
6678,80.85222464613884
6679,-12.848785457061377
6680,104.38390337203268
6681,73.76986731902046
6682,85.72097969183362
6683,33.128226445559505
6684,140.52770617127788
6685,133.13545303270735
6686,10.9775204864489
6687,145.92389075348396
6688,101.15535057916969
6689,25.32358306284447
6690,198.93370779634705
6691,-8.603904904464217
6692,109.07568675148387
6693,84.84416846927918
6694,53.07942638532611
6695,182.4433213857086
6696,207.84136610566242
6697,118.6676029863974
6698,41.843777748997844
6699,-1.3403810659520776
6700,160.3845641805857
6701,151.87852851607397
6702,56.14893390041756
6703,166.78746902832046
6704,84.47382259685655
6705,157.53010173691203
6706,47.715426608685924
6707,26.46632987126565
6708,163.1418999617286
6709,105.0132567458619
6710,162.18070125601605
6711,73.83470461422907
6712,16.494826467074972
6713,299.4547519496814
6714,116.50028449687913
6715,99.85613571164198
6716,178.94355263504593
6717,150.2639709591871
6718,18.244350186864086
6719,95.37053474374065
6720,173.4245692922451
6721,189.9818920637581
6722,159.74397958447162
6723,32.315447275817554
6724,-22.00489192052278
6725,86.17839823253944
6726,254.000236200112
6727,99.3812032317748
6728,17.457666340177887
6729,-6.911221159210388
6730,4.723592239881236
6731,44.875463144083824
6732,109.19297370731272
6733,123.61421641636554
6734,133.66331541579575
6735,24.162017893687725
6736,28.183513382986312
6737,144.76093304288122
6738,158.28737713512785
6739,49.49443226053147
6740,12.440207466639993
6741,78.47182042581503
6742,65.32661247183454
6743,19.128101956738945
6744,-6.759176270324447
6745,50.003758294818304
6746,150.3073307569982
6747,28.183513382986312
6748,74.07544433645411
6749,183.03219792815977
6750,37.555255970954974
6751,124.29658510066551
6752,3.245079543891851
6753,13.976710161157778
6754,8.781532333032656
6755,112.88809823701911
6756,112.73755835356333
6757,46.78166024288551
6758,83.70123170614586
6759,34.752438012013265
6760,75.52611721852888
6761,304.53312338824503
6762,8.598749770485599
6763,125.89248011274779
6764,26.281283102826038
6765,63.07245410842273
6766,67.74795897472397
6767,1.1459499060132239
6768,46.2866931377657
6769,23.624653189189633
6770,268.96750071769327
6771,306.6242606808533
6772,12.169043125982093
6773,144.4654312938418
6774,-21.0272041893957
6775,167.5116297038438
6776,94.01195825122034
6777,115.346599164023
6778,32.06928683230794
6779,199.125428879195
6780,154.88643143874012
6781,209.67844614741765
6782,135.32420656245606
6783,20.73497024546651
6784,116.50721167280169
6785,126.67845470814066
6786,78.29701986161571
6787,88.17306424674572
6788,154.03152523770828
6789,281.8858469186648
6790,102.82323838811391
6791,55.15471217328891
6792,31.211748974797356
6793,144.26002624863077
6794,95.3434124158797
6795,94.97338558668355
6796,218.5227766267044
6797,204.4008981621897
6798,90.8403540296761
6799,113.51293186956062
6800,38.5154837562603
6801,139.69654999380157
6802,165.5984929622361
6803,218.64534295681756
6804,18.823804172119864
6805,91.84455152428364
6806,183.4073476886723
6807,137.45681804273266
6808,289.56331602869017
6809,158.64552589623798
6810,43.93978087237125
6811,4.339965517784074
6812,242.7493297676222
6813,123.2701415974728
6814,64.68911853585765
6815,170.83051938534084
6816,63.5150131982917
6817,39.06194728870487
6818,32.69647577517479
6819,164.12198936829944
6820,176.08783490380569
6821,5.348500430474199
6822,55.45107545371273
6823,249.92865544708044
6824,53.23111566759041
6825,303.6200832643317
6826,129.08512553020978
6827,13.821176040288865
6828,36.262184892763585
6829,75.75750555195658
6830,178.31330297467574
6831,44.28274662468377
6832,73.40171478895539
6833,62.686990531459685
6834,196.98889612860654
6835,147.64176156749016
6836,164.57055584199583
6837,95.6141422074672
6838,308.5498286299564
6839,128.52625661948485
6840,106.38081410861776
6841,138.90081812574397
6842,-4.9658461200768444
6843,-8.702919017108902
6844,1.3144714973256775
6845,88.99472966903548
6846,77.90713889690262
6847,39.578219065241775
6848,56.73962721650385
6849,107.90684000420252
6850,228.996058786635
6851,131.1050223999463
6852,30.57994762775253
6853,119.19775339731574
6854,231.02593360032083
6855,205.9198249779913
6856,212.95396908349406
6857,36.07088139548423
6858,59.08333195536152
6859,41.46554584309616
6860,107.86516662052537
6861,105.47887664028624
6862,159.18107540806972
6863,-0.7477574937785568
6864,71.60988849322186
6865,327.6964945989523
6866,66.97805568944885
6867,109.88397893833373
6868,43.38970284713485
6869,63.37947376785713
6870,198.85727657689662
6871,128.48723286849304
6872,146.69240077085055
6873,-13.871691721192697
6874,112.42716786512857
6875,27.306837054635395
6876,242.23895260275998
6877,61.11169417319403
6878,56.17978601669586
6879,179.72522959624385
6880,66.5527983966439
6881,241.75639235469305
6882,170.4792453934575
6883,132.77457879057755
6884,170.44391672911783
6885,61.53084586227817
6886,57.928247821685844
6887,131.37241230162778
6888,170.1075012245558
6889,220.69473010179846
6890,42.708519738585736
6891,72.24393059511912
6892,28.19665371356458
6893,196.18467964253048
6894,286.8765037093359
6895,45.84884752541028
6896,132.50307694714007
6897,84.52778115448629
6898,113.66930684081026
6899,51.07739458075958
6900,22.26342594251051
6901,-10.127823535982547
6902,298.52794939485636
6903,35.69875226681789
6904,64.25506661682533
6905,111.84969606507242
6906,140.02343138524358
6907,38.10832883363979
6908,170.0446373336995
6909,13.27331667853112
6910,-10.669778330643982
6911,183.43956807792915
6912,149.0593245614842
6913,123.80580834166042
6914,140.24907869612693
6915,140.58722213070564
6916,9.617821456030471
6917,189.32392642532938
6918,92.51504774112274
6919,9.505407098076493
6920,8.938714106038352
6921,58.92484095480387
6922,58.938965124116095
6923,273.19218501624795
6924,88.34619719074804
6925,129.8073422839871
6926,253.37283908356926
6927,145.5423778634616
6928,114.60095741143222
6929,14.915605113839861
6930,146.63515312704968
6931,167.34745947268198
6932,302.9763002111515
6933,166.30771729168615
6934,130.719820763946
6935,7.331225156021194
6936,72.92504758835007
6937,31.56223518186648
6938,105.74175628662536
6939,64.00517607134654
6940,56.76712510096722
6941,13.207121888846638
6942,82.69906723013112
6943,193.9047168946017
6944,159.86989914446661
6945,287.2497898873353
6946,128.78416467551332
6947,190.66506497450706
6948,205.7529940564651
6949,158.90965452734252
6950,194.0704087072678
6951,179.1220453283664
6952,97.75330104104887
6953,134.02723028704236
6954,162.11086488311585
6955,143.3149389649896
6956,35.940892398699226
6957,127.5461236537086
6958,145.50622641796977
6959,85.9295424682457
6960,187.12110755686444
6961,186.10030240695463
6962,155.6906298784317
6963,71.43751925076458
6964,28.591487969948723
6965,293.6102679882542
6966,30.57994762775253
6967,135.17280220211285
6968,130.928975979296
6969,218.719839796518
6970,170.90142210926427
6971,230.20411845085542
6972,171.23077075650374
6973,111.20562758384004
6974,203.12859358130612
6975,175.37661012056518
6976,22.297604570073965
6977,45.028860485601776
6978,52.22437655727039
6979,59.47606007352916
6980,147.9836547688536
6981,11.227024353876603
6982,131.18884813588622
6983,-17.792317008472942
6984,56.52039432514599
6985,121.99982410690707
6986,143.39371700323596
6987,112.43292589444303
6988,175.70804015330194
6989,183.51727743224654
6990,10.489991908173877
6991,149.76197079107567
6992,131.82539799681928
6993,142.62275602566578
6994,178.28123198630385
6995,104.35621186408936
6996,43.505793087881216
6997,-18.614975386142337
6998,156.32886054281954
6999,144.69813662450954
7000,65.4510568585247
7001,-2.300778950040081
7002,170.0616442841433
7003,61.377344139046286
7004,13.473965432113689
7005,110.15687571000048
7006,116.46353187034539
7007,-10.704844246329206
7008,35.578972305116274
7009,123.93529034118839
7010,51.00588819211412
7011,1.784046404896886
7012,147.86353630013588
7013,225.59743501331067
7014,224.16271608037937
7015,9.403394510744024
7016,171.4576744660171
7017,321.64831697470964
7018,48.11507297075653
7019,92.61780581853972
7020,30.151714098632247
7021,1.7263025012943634
7022,119.70077608649787
7023,190.58638923691123
7024,86.81038709893771
7025,115.9349428195637
7026,102.9427846941316
7027,211.17690095125684
7028,82.09954085639727
7029,88.48128487650145
7030,174.6850057209888
7031,53.99004498671627
7032,172.7220377544724
7033,148.37832887444534
7034,-3.8086045599856746
7035,23.274170836865554
7036,158.9652174091395
7037,54.3405083963058
7038,190.97526463286218
7039,118.10600622297599
7040,25.521317153258305
7041,262.95221039940037
7042,220.6736758349061
7043,104.84750778199358
7044,129.42340102327034
7045,35.809610051748194
7046,255.53769497111495
7047,36.1523177460603
7048,24.70050692968131
7049,75.17166219597985
7050,54.06088012340809
7051,68.2633286887503
7052,23.47515946533366
7053,117.80718859279226
7054,143.76242335725496
7055,169.1003382371507
7056,128.00862245083923
7057,136.6001054112634
7058,156.91585407641503
7059,304.8686155808566
7060,-2.012880987655721
7061,237.419610585893
7062,115.70308471490128
7063,81.5152254111202
7064,12.492559901282663
7065,218.8613832294957
7066,1.378225907704181
7067,164.30233421320997
7068,8.95314541260409
7069,43.3087502986042
7070,76.40760696021505
7071,40.59423591980662
7072,229.3581401892572
7073,43.86894820234239
7074,43.02340015890906
7075,68.28141231892954
7076,25.651795356424433
7077,-7.466646370327259
7078,188.3796446807449
7079,-12.545995772350151
7080,45.19012087622182
7081,223.19304678615768
7082,37.50134699602714
7083,82.15298144263387
7084,116.91751919710268
7085,61.46442807251326
7086,157.3904845249176
7087,91.38012611467636
7088,269.1897491086256
7089,77.62038943462689
7090,150.65283556771246
7091,146.246197360763
7092,243.09730358991757
7093,194.67951179346278
7094,43.6478735354891
7095,53.278395348697735
7096,92.06906066248733
7097,154.9466117282517
7098,108.18350465966236
7099,54.3405083963058
7100,32.22246490109024
7101,28.93780069527285
7102,163.8039109554911
7103,99.73897308854816
7104,81.65205032485304
7105,14.050266828472301
7106,168.47514033547188
7107,114.60559943618428
7108,305.7344691897388
7109,167.08091148579047
7110,163.4593763107659
7111,156.86508686365758
7112,37.652718483990355
7113,49.66782097201311
7114,84.52766248216116
7115,243.15251067802737
7116,71.66981419169593
7117,101.11535969016883
7118,26.61859839930088
7119,287.13493584627935
7120,91.63872782100802
7121,115.38161562831044
7122,277.65795265736955
7123,173.43393479342046
7124,299.402748013499
7125,171.54066920021495
7126,30.7344477057508
7127,303.5962428667562
7128,280.5319630343633
7129,151.98267527058775
7130,110.81252653232409
7131,29.778223367268186
7132,139.39430084599653
7133,90.26234967475226
7134,81.49770085886405
7135,223.2704311622232
7136,169.70739428280302
7137,106.43024524237292
7138,158.97453077620685
7139,26.696412551158904
7140,195.1128789711894
7141,132.60894265623415
7142,215.12692310115037
7143,81.00183462155789
7144,24.20667173298841
7145,-0.9445063913440025
7146,192.05766511828426
7147,44.20470767848817
7148,129.30552638115932
7149,35.391512841984415
7150,153.9090612057771
7151,43.06513992837052
7152,30.44538420151669
7153,34.665646559110705
7154,45.72784154679191
7155,44.161118984790306
7156,223.07469316852948
7157,126.21300960379789
7158,154.8120258935161
7159,264.10412980247054
7160,95.08239845868036
7161,108.31264890067335
7162,133.91490496107747
7163,73.52454632186617
7164,133.0799788141157
7165,67.76329036261347
7166,28.65266130932921
7167,125.6772038912341
7168,282.080142732142
7169,31.96887338058835
7170,128.85385651383845
7171,183.2883284351052
7172,143.04366089120282
7173,111.54475303681146
7174,60.99930306901882
7175,173.55701498942977
7176,129.4840297266787
7177,118.29484188934622
7178,121.47303678659458
7179,89.45671588305122
7180,184.50910486311952
7181,72.85895522566936
7182,43.30137533685283
7183,137.15738689221888
7184,21.06726845017056
7185,87.76060062778781
7186,23.949395911857394
7187,173.0691359989245
7188,107.8662813029311
7189,106.20973493426601
7190,82.9802001535187
7191,40.65836712707113
7192,200.6096925866427
7193,47.142934140891384
7194,60.51580843242686
7195,-4.991770208309439
7196,143.88759976343164
7197,18.204878286710812
7198,113.89939904763548
7199,27.817554694211857
7200,154.78615822117084
7201,21.729295139488706
7202,179.3889318913108
7203,90.6272887952989
7204,165.38802424582795
7205,56.69615751777494
7206,161.3349456390412
7207,108.90938653797767
7208,48.751633469900696
7209,176.81443927208522
7210,71.3760358269771
7211,23.93951033817597
7212,8.388178838454943
7213,167.29800971755878
7214,160.889092910024
7215,148.62975707585204
7216,83.72747257564124
7217,63.92340505591092
7218,150.72780999479923
7219,137.5581372127245
7220,45.34333161316532
7221,157.50547532956293
7222,7.502519829275041
7223,102.72560067982272
7224,33.074626849268746
7225,86.32730087553819
7226,187.23979889377793
7227,97.53450551969716
7228,63.67990437610092
7229,24.101989951784745
7230,2.3179947757226707
7231,299.09110728367006
7232,136.46316505160195
7233,39.907626354288574
7234,177.5643825909927
7235,74.44211631400619
7236,168.07302454454376
7237,103.20587679401396
7238,180.54208643962536
7239,161.77966385743233
7240,56.536599807854934
7241,94.18416885140371
7242,98.71352117154188
7243,234.32844038004512
7244,64.85044799863667
7245,48.8107510084566
7246,-7.330133600543297
7247,17.141815143840823
7248,74.90080017239386
7249,134.9719234857818
7250,42.70869054684736
7251,162.21222179276248
7252,142.45338948537471
7253,99.19798142308241
7254,39.85607827082975
7255,65.41836223219335
7256,89.96991131198726
7257,49.20566441818327
7258,162.2734347138806
7259,167.88580816558448
7260,163.00716821147793
7261,112.16493903976752
7262,73.66604690756934
7263,14.00618758770176
7264,-9.331126819636184
7265,121.24432384559869
7266,55.9519247222958
7267,-2.94266282517319
7268,71.3760358269771
7269,46.49417777407256
7270,165.99144035975
7271,89.84607929527652
7272,70.07770418889403
7273,59.612338806714845
7274,96.60217343080322
7275,-5.063182520022559
7276,91.92554085292244
7277,131.33268880518642
7278,94.07278647964216
7279,212.30459491699736
7280,191.04867310353995
7281,253.26019447108152
7282,62.065282908741366
7283,164.19038882229916
7284,241.9049473975751
7285,34.16610478891286
7286,206.47522373150755
7287,97.48682699462695
7288,22.46018226390519
7289,108.60218006230268
7290,189.02385152553953
7291,28.11646519017247
7292,228.86557287833224
7293,223.2705274444412
7294,137.63976535415532
7295,110.36881586693003
7296,246.70943617453835
7297,293.4375986807829
7298,164.29293785129047
7299,132.55696329985537
7300,-3.828228517414279
7301,150.43788577255586
7302,50.74583978717439
7303,11.013716758676736
7304,33.36412611924515
7305,60.35447812022086
7306,184.4902952323787
7307,19.598083066823563
7308,169.00285231690924
7309,10.884814253756593
7310,235.7684818938935
7311,298.52794939485636
7312,24.625832644142797
7313,33.04793593497024
7314,138.05374466537046
7315,34.802422560270585
7316,72.82161635863531
7317,172.80849925316207
7318,22.506898840844205
7319,208.42505072348806
7320,161.73607369210958
7321,-6.535296135500434
7322,55.630443106502256
7323,23.586471927623705
7324,74.81680255982242
7325,73.56570567778024
7326,78.45119873995306
7327,157.8446489030795
7328,205.0123267569703
7329,51.79183855708522
7330,155.04471970452087
7331,33.4230469284008
7332,211.59589070785614
7333,48.34730965987934
7334,51.66199821857762
7335,80.89938774900192
7336,60.48867168825985
7337,60.848064499418875
7338,17.55342793332608
7339,168.78782701930075
7340,145.97926892066502
7341,120.40598552530159
7342,34.324726184433025
7343,143.04064935942253
7344,185.89536977350397
7345,282.01499432438175
7346,176.1155366343316
7347,191.5037566279637
7348,172.3770083925953
7349,126.0630969125143
7350,162.5059541953949
7351,8.95314541260409
7352,29.164329897682226
7353,94.95351373867595
7354,212.46388137583781
7355,145.0019137053698
7356,59.900352383500255
7357,35.63330694239171
7358,164.71741754018555
7359,147.80156337907005
7360,95.72832099173675
7361,179.36608621377883
7362,130.4114774994714
7363,65.88878248464151
7364,152.7967041503563
7365,10.489991908173877
7366,140.9810626583001
7367,175.71872170724043
7368,212.09319780549535
7369,135.65567902006072
7370,-19.128954207711207
7371,210.6497891330097
7372,177.66497142377378
7373,25.234670878545025
7374,304.5112673302383
7375,215.92701862473484
7376,215.66823261893845
7377,35.52605624929554
7378,14.829165705529867
7379,-9.056342446050776
7380,160.1613282263994
7381,34.2427464706716
7382,40.24116761613614
7383,97.15256914232498
7384,65.89630991219566
7385,31.866217957602416
7386,116.17145657934567
7387,78.77977900310171
7388,135.31969941436498
7389,253.7414745279485
7390,40.92348603305594
7391,200.18249636263607
7392,169.80641755735965
7393,219.76413230732055
7394,109.72152731674677
7395,254.19100273050014
7396,92.88667262905466
7397,29.76762494950802
7398,198.3277849261857
7399,166.18344786422222
7400,96.52439332856933
7401,158.8784225665083
7402,177.92201070734342
7403,21.832821709830796
7404,61.95875281311416
7405,224.63514606287262
7406,173.75409711769868
7407,78.7901271831028
7408,-17.389724275767602
7409,7.153807153151482
7410,219.0533909618351
7411,168.74029068017475
7412,91.87649982544708
7413,75.9264857695774
7414,224.51385436467052
7415,52.85643168729754
7416,76.70527139742198
7417,94.09803510671291
7418,69.30257295084562
7419,28.46068241861422
7420,228.87386492016478
7421,91.54598467145529
7422,298.47001296426185
7423,61.25562769017457
7424,144.92927798242198
7425,65.5833629504234
7426,177.12583616879823
7427,28.379044817855718
7428,170.78043399704853
7429,123.76521179077308
7430,180.49933747279647
7431,48.77060475256244
7432,173.71395359593694
7433,70.91968977887404
7434,26.565831615479993
7435,210.30204747129937
7436,181.75959561312771
7437,135.28327032804563
7438,140.54737322316797
7439,0.9895023140424365
7440,104.01261767536309
7441,112.84180122124617
7442,19.875736336048753
7443,27.708554562116092
7444,43.884071659087226
7445,105.91954676869678
7446,45.617571404911644
7447,187.51728618792896
7448,48.85325505397023
7449,21.109548441362286
7450,94.46726742950996
7451,191.00396926187662
7452,154.94609837776852
7453,85.18845174617871
7454,50.98629498797985
7455,92.06843385927559
7456,312.5492166751067
7457,143.50524637458182
7458,66.12108246238883
7459,138.5023922642807
7460,231.71834842673672
7461,82.27717404768174
7462,207.37621220591436
7463,138.23549174331953
7464,175.33342749871127
7465,49.61258093077081
7466,213.92684122624811
7467,3.9151212059591627
7468,312.721885982578
7469,104.65805307417013
7470,107.71439824531716
7471,281.36900168593843
7472,32.6561839590229
7473,38.76493811620923
7474,-4.493846572688772
7475,221.62941626119135
7476,157.79128747738002
7477,111.20341558829622
7478,0.7379868042232773
7479,132.33314555047247
7480,233.85230495928056
7481,27.593292375186063
7482,129.60574741138885
7483,73.6289349745838
7484,194.05398258602938
7485,148.2447020517949
7486,223.98474030895758
7487,64.84353563597003
7488,44.13588620832261
7489,212.06540875987787
7490,271.19083344790613
7491,42.23215925043552
7492,117.56044911961385
7493,13.118159105123397
7494,138.78346937420332
7495,156.57443079424417
7496,99.26473250368421
7497,77.97614505917166
7498,-10.183656894808037
7499,53.14946772841469
7500,135.86795914655957
7501,72.13712115612216
7502,113.49349067511386
7503,91.00120257653096
7504,290.74534001809343
7505,28.176025982304644
7506,116.66709290384557
7507,205.792554750773
7508,58.41077017461162
7509,193.64280747997955
7510,68.50507365763362
7511,15.37339543662583
7512,203.48854368908667
7513,136.1012003276528
7514,41.403401882320786
7515,229.83377142501195
7516,172.5219476598952
7517,62.07093453835301
7518,139.65011648599773
7519,213.10806672459142
7520,89.82346982936794
7521,118.08965010978918
7522,204.6536424069654
7523,-21.89951796710146
7524,-9.901106229369494
7525,156.14516203987492
7526,29.306159058706257
7527,127.73545784352103
7528,72.76913283332023
7529,32.518573728442405
7530,161.4471079002629
7531,85.21657459870508
7532,300.8098207448072
7533,29.331326329098548
7534,190.13115244899086
7535,140.10321900675595
7536,177.06904988363715
7537,38.24119752962373
7538,119.28811579074677
7539,80.46131286330721
7540,96.31220215259808
7541,40.493443960011824
7542,2.0631873578408935
7543,44.701065887386335
7544,101.11841227405847
7545,155.8583526577878
7546,166.59083704993503
7547,40.49181756237305
7548,161.54017288161384
7549,161.63345427729143
7550,27.880333343007003
7551,0.6391917781933515
7552,166.22145111227766
7553,8.463036994410903
7554,69.69303621514473
7555,268.11194486632104
7556,298.54175651357514
7557,114.61129084224203
7558,163.27036112743104
7559,62.17354122257737
7560,119.45604486794444
7561,24.74210924598596
7562,94.72650678571483
7563,255.3458440175604
7564,183.6466983907745
7565,298.1106501607958
7566,151.21496731602207
7567,212.41926190805998
7568,199.57475853999296
7569,35.53402161962094
7570,16.552228251339386
7571,71.02365472504843
7572,121.02365040574556
7573,143.08912450219253
7574,35.557413745903254
7575,78.11165567527593
7576,65.88878248464151
7577,46.33446926873548
7578,-12.479012187682265
7579,208.24016481033897
7580,80.15321175516931
7581,56.14911834023322
7582,92.91714723042682
7583,147.7412121218024
7584,89.31080984140873
7585,25.630307859340203
7586,91.72680116740375
7587,221.38951749278763
7588,43.097967090242044
7589,214.46897330462502
7590,70.34976583412228
7591,101.16252512847848
7592,82.13763832603556
7593,8.517847321615012
7594,120.37241345068428
7595,257.88646193159093
7596,9.11252533609901
7597,85.48959647680744
7598,205.03340535085943
7599,40.043969289384385
7600,140.6134169154526
7601,254.54176574926714
7602,137.71764606072796
7603,67.10251584948047
7604,263.2001484017781
7605,49.6650283791376
7606,114.4405866772559
7607,171.29142551299495
7608,86.43029218537929
7609,220.73647296917093
7610,-2.006249165708537
7611,126.9685280738642
7612,132.53789312588594
7613,140.8773063090048
7614,2.0529108522199744
7615,129.6718744209235
7616,81.10400364975722
7617,141.47087008478985
7618,112.58411576407522
7619,262.8452730757714
7620,173.53294527387416
7621,148.2796938316192
7622,142.58846548532733
7623,8.061448876820307
7624,52.194284595734445
7625,154.25549065647004
7626,184.22627642164832
7627,178.4428373961282
7628,11.690155717314347
7629,70.88303081940789
7630,69.43183901360908
7631,158.2708556926672
7632,95.66444343185275
7633,59.129314965847975
7634,172.48787071395614
7635,125.8894717146157
7636,227.88784431487724
7637,131.56089612687347
7638,158.62718686849777
7639,150.04202215078305
7640,180.06931896834385
7641,24.590829389673267
7642,25.889028743111083
7643,31.854059680342193
7644,39.75993746499503
7645,108.24634731438421
7646,195.79685965147922
7647,125.64216685991038
7648,252.92779831933635
7649,163.58790340433887
7650,174.43265287416423
7651,22.327606439867626
7652,227.87895853469217
7653,172.91684484708958
7654,154.99568139785478
7655,67.29303866551886
7656,-4.220457084572544
7657,79.03809912038083
7658,8.26413452888917
7659,-12.329282330298096
7660,246.2025696694012
7661,97.54541475191016
7662,20.22310708033175
7663,198.4940083963484
7664,54.3405083963058
7665,11.823577469148965
7666,20.92900760489658
7667,-7.132864780491508
7668,176.05959938760765
7669,226.61208513982447
7670,17.40601609851974
7671,41.126145724159365
7672,146.34681305953112
7673,77.62989027363308
7674,45.899055481796196
7675,78.78937339587172
7676,29.508219603437592
7677,101.7625670225208
7678,-20.120522571552684
7679,106.50906449389207
7680,73.83470461422907
7681,217.71415774964157
7682,176.02900830787644
7683,114.16775544128214
7684,175.63386990291121
7685,105.52779792649703
7686,61.07820201948562
7687,295.6891826902456
7688,94.43223467098082
7689,196.41183415732957
7690,104.50207155758036
7691,7.865612276438303
7692,79.74568011080765
7693,55.50245528902842
7694,64.88775937491307
7695,6.063731211108853
7696,70.44452780195994
7697,67.96039329565698
7698,100.4878166997139
7699,235.7952376023964
7700,45.22215055798243
7701,124.00484242974939
7702,133.247624458966
7703,288.6428478872676
7704,141.3366408014346
7705,294.240887009752
7706,127.24355813452303
7707,319.0534002341463
7708,10.024525122172728
7709,60.276744096076555
7710,65.47675478704974
7711,3.2890392652182294
7712,170.82489102054694
7713,75.9537493670302
7714,21.932439097744712
7715,158.89442693852197
7716,110.3625747375675
7717,37.32722651511479
7718,70.27987369703003
7719,12.550665558531717
7720,196.6793586578802
7721,88.84136335818798
7722,208.36448241690752
7723,67.09576030137613
7724,101.85835981463794
7725,23.566702200378096
7726,90.57642060701828
7727,149.70749874048124
7728,223.73754921548434
7729,136.18798767145975
7730,191.45439623274405
7731,-7.486150265354901
7732,191.10624005410122
7733,56.31722395623086
7734,177.82642136234645
7735,169.97749664378526
7736,185.1672156886716
7737,61.286211787399665
7738,100.14365636493895
7739,20.85658912715291
7740,153.22246406754306
7741,106.69944221849109
7742,139.4224996329647
7743,186.95307286756955
7744,-14.305382562294273
7745,117.8593497469348
7746,17.050506424115085
7747,48.86964160433756
7748,51.247663096690026
7749,187.34745472281867
7750,146.410929274388
7751,10.489991908173877
7752,147.31702631444404
7753,50.25935438888462
7754,126.62811923309393
7755,197.7618078909432
7756,163.5918780311769
7757,311.8959193659042
7758,313.18529100969164
7759,66.28281578392895
7760,170.99583481527264
7761,175.71522677874455
7762,91.42880372457135
7763,295.8854603283847
7764,71.98386212474611
7765,25.62047763062197
7766,296.21538393478096
7767,69.04393876577036
7768,177.09615588357926
7769,40.949521554285816
7770,118.39017109891927
7771,33.21555158294307
7772,31.180175871907778
7773,280.8152576182531
7774,303.3016241174036
7775,43.64310433575877
7776,132.72805226190903
7777,66.37197058470912
7778,114.71885460035203
7779,297.92306403859305
7780,150.55244798866164
7781,186.47694863756396
7782,59.906052278771355
7783,237.17863702467105
7784,20.8444926264985
7785,86.00761183781009
7786,70.18321279957856
7787,180.93773170744436
7788,-13.159927717071309
7789,108.27141312549996
7790,168.6396796322829
7791,295.6891826902456
7792,200.3266508199766
7793,51.704786919497984
7794,175.69891223815264
7795,123.25431659659907
7796,94.0749057403101
7797,171.98058072987826
7798,150.7679803541303
7799,173.9412236324087
7800,91.67371251331159
7801,58.11120608940889
7802,220.9980481484703
7803,98.8059486925907
7804,238.6833572718719
7805,15.47469533094975
7806,222.06153115139398
7807,30.16805447821796
7808,252.32316068259848
7809,-8.768831771103837
7810,128.45738600661704
7811,164.49285550371536
7812,65.30434562680122
7813,296.5801272141419
7814,4.355239103998342
7815,37.284878426711856
7816,260.4797041310904
7817,68.43807505405181
7818,0.3656883387417031
7819,153.3550809616955
7820,270.64164268812635
7821,74.29836387960002
7822,126.63603900901681
7823,128.55987334688928
7824,23.921459753529618
7825,187.16423776460005
7826,122.59119111300116
7827,145.1198722014637
7828,127.823862066769
7829,122.98941764615479
7830,53.741258775927776
7831,96.82410480103121
7832,162.3847850890879
7833,0.8485978596077901
7834,137.6739807670394
7835,51.41483333818829
7836,142.6702807478682
7837,19.425546467757687
7838,222.5600328197863
7839,125.31351653628997
7840,157.78703038232757
7841,183.11212373910948
7842,171.5829178035696
7843,90.17675233178585
7844,155.5171612464744
7845,120.8740661547152
7846,154.80653862146943
7847,13.80818858920923
7848,-15.0141579746291
7849,114.43301897059173
7850,28.992509924278302
7851,86.20498903864953
7852,267.3845744587043
7853,152.7878023447181
7854,298.52794939485636
7855,298.7461812123418
7856,222.06153115139398
7857,36.43481024165349
7858,28.62779485690802
7859,167.65274127208914
7860,154.55446502142894
7861,35.83519679583939
7862,15.02192153043118
7863,120.1419465235183
7864,219.02025607795227
7865,171.70610855333626
7866,14.171103146659362
7867,130.64667825938855
7868,99.54548309225285
7869,314.9970783227085
7870,142.17278977871524
7871,189.4981998800845
7872,24.01386576589494
7873,243.30275691884805
7874,142.7503519398851
7875,130.47121658242096
7876,57.9681487222455
7877,168.7333294794225
7878,146.4546578689847
7879,149.00869364338683
7880,23.76480074093237
7881,288.5948285197827
7882,43.63199499992769
7883,106.5662979604836
7884,-2.4516639929833133
7885,60.782262861662396
7886,25.30542282620359
7887,202.14565612945225
7888,-2.867648319104997
7889,92.63666574834478
7890,55.63753690565879
7891,190.39151873995996
7892,142.946308730028
7893,169.4102324755121
7894,142.29972838570657
7895,127.33188692912843
7896,171.97608128418534
7897,143.42864805010947
7898,266.6143175400702
7899,118.91292946495227
7900,79.34586721704036
7901,164.49395279221974
7902,4.14603700657633
7903,139.5867330155039
7904,158.2874104477083
7905,160.0187962985105
7906,166.9502165012161
7907,232.5774229555501
7908,-5.0027155092316065
7909,11.037918643350874
7910,73.06633457939796
7911,218.9768124811883
7912,41.909014587357376
7913,89.52801180844006
7914,306.45939658680436
7915,40.94671726388074
7916,185.6835999262589
7917,276.8469165260964
7918,21.141784813943804
7919,65.91793758752162
7920,38.24119752962373
7921,10.33355223679078
7922,281.1063481929949
7923,170.62645823921557
7924,55.674259035251985
7925,76.58205305590164
7926,171.2146779745778
7927,57.42981434251869
7928,171.4427476787835
7929,291.03076718862144
7930,20.882139791316664
7931,277.7473465968096
7932,159.11852934511157
7933,8.420327750096135
7934,44.519645800326
7935,137.12651568221926
7936,192.64120608752575
7937,152.5985823482556
7938,103.56789638229937
7939,195.57784265413125
7940,186.90137825183282
7941,2.6352637557342304
7942,3.225236899678772
7943,105.71949370095496
7944,30.984465463616825
7945,127.35680914772927
7946,268.4973483565142
7947,95.1447538657666
7948,131.0740733473471
7949,-9.331126819636184
7950,178.3850553264743
7951,142.68386048099765
7952,93.97450975433802
7953,32.40985482993572
7954,150.14216075998434
7955,89.73275646503855
7956,157.0999753760487
7957,41.611518955150345
7958,50.74583978717439
7959,43.08911525808382
7960,101.93236902810536
7961,191.1090042711099
7962,98.98973021880873
7963,39.007388450982596
7964,177.84720495214708
7965,81.08175837399638
7966,46.43376338500776
7967,-14.839318161873708
7968,184.62428630049223
7969,52.440962691577354
7970,230.07662704467717
7971,166.56186908821502
7972,62.99311870700236
7973,172.8123550245822
7974,250.57093687010354
7975,127.2415298360667
7976,20.574113973263156
7977,37.1676272740496
7978,82.40393785207067
7979,165.18887392726154
7980,201.78174373995716
7981,45.03483779779307
7982,171.03123955257038
7983,164.7055889649904
7984,180.6675090416583
7985,36.032317174933404
7986,185.08348707587126
7987,90.33254216971847
7988,283.7572608135715
7989,121.35931795778806
7990,149.64020685231
7991,14.41254390031394
7992,209.9630186179924
7993,117.10618222086295
7994,150.72268233180708
7995,240.31500612900206
7996,29.508219603437592
7997,80.21942834811954
7998,25.90107144271952
7999,54.497743887469255
8000,48.52797462809081
8001,94.01195825122034
8002,67.1040179087632
8003,110.49268611803234
8004,81.51011784726734
8005,138.08128772680837
8006,75.08872248058488
8007,28.907662203341726
8008,96.10055634360846
8009,-14.51617387348336
8010,9.422928746015069
8011,18.24541852919071
8012,45.214251527711134
8013,18.664775427747994
8014,69.10730183713858
8015,133.520516518384
8016,31.738830368441196
8017,-18.807580393594094
8018,89.22674506898194
8019,2.958101689700575
8020,288.02576809392053
8021,43.86572194922432
8022,299.1892218945794
8023,114.81320547175562
8024,102.46943440595294
8025,151.00246573614658
8026,12.83153541968782
8027,48.43999859602522
8028,103.90557143262174
8029,105.60667199303161
8030,193.55141307183914
8031,109.49654038991447
8032,164.0413460850088
8033,8.407801542242387
8034,105.94279206584604
8035,-13.761777600643214
8036,24.17745155503311
8037,47.48042629421461
8038,78.908713345464
8039,65.46990265973704
8040,312.96764739021916
8041,272.6963818428713
8042,198.32656787169324
8043,198.7144807532452
8044,191.3428931833727
8045,80.26313702485174
8046,235.83699925517337
8047,72.60752272719517
8048,253.81327280438586
8049,27.113108243451233
8050,76.30166614960673
8051,106.98308309374485
8052,123.44868845485794
8053,88.84136335818798
8054,78.71360851320436
8055,142.37616570469177
8056,129.99683943409107
8057,123.69951812285726
8058,83.64839770138006
8059,111.13586735388357
8060,29.885205722714666
8061,295.14392194216344
8062,90.29243584673759
8063,121.22101606985882
8064,14.937341371017183
8065,120.76559799972706
8066,13.216143536344232
8067,154.9781744622762
8068,129.99304656838902
8069,127.43160034610983
8070,153.637215555362
8071,48.85515065215445
8072,146.19535713531673
8073,74.531192108106
8074,149.3915440104862
8075,324.8485902776137
8076,29.665855912176436
8077,121.04165263347303
8078,67.96039329565698
8079,182.32465830967675
8080,198.34963717843524
8081,287.13493584627935
8082,24.158758137268038
8083,121.8444768049989
8084,110.3790790152873
8085,170.9580243637134
8086,30.839001709645288
8087,46.06510535310323
8088,243.4329399425961
8089,62.507014545285195
8090,95.14997779181617
8091,156.85053061785635
8092,19.422827700578395
8093,95.49889377713733
8094,148.68696182574934
8095,182.7935630801006
8096,179.18545156572094
8097,97.52560892114616
8098,-11.19274658714304
8099,107.2138058145973
8100,83.48735236683163
8101,286.5494380956999
8102,312.71520697275764
8103,40.95383927718124
8104,-8.392386684574195
8105,133.0069269764922
8106,298.52794939485636
8107,187.8922891015483
8108,4.217746251883585
8109,137.0860131697013
8110,75.0372515464979
8111,46.882851952057024
8112,64.46864023527755
8113,39.25301873549768
8114,32.492889888488136
8115,256.34777244161177
8116,50.383540494141876
8117,178.21407292781504
8118,93.47262777755202
8119,296.3591123958227
8120,315.24283973034966
8121,161.39142759796852
8122,127.89276220510241
8123,227.46644447310348
8124,63.225434258249976
8125,122.82137194675441
8126,256.29001678436765
8127,137.18673619539726
8128,207.0871854261723
8129,47.831461325867416
8130,40.82652477473394
8131,46.88996137622233
8132,308.29022098726887
8133,35.59917870308593
8134,202.58617497258618
8135,83.36914996410137
8136,329.2894003527829
8137,99.47586163191886
8138,7.34416167551982
8139,45.760632178515564
8140,106.36236208022612
8141,99.59988556002125
8142,313.94281222455953
8143,44.881425323184516
8144,136.01215544481562
8145,209.5414530316448
8146,-4.9085551744667395
8147,171.38193330821503
8148,169.56889663389717
8149,-1.9709927515317318
8150,22.14412626979823
8151,158.82444455849088
8152,55.76873302575121
8153,67.27775497576621
8154,127.13194452689561
8155,207.98536205218213
8156,141.08966598975283
8157,21.672886613357786
8158,204.82423887103832
8159,198.0040804339418
8160,95.88087932795932
8161,6.788508004109816
8162,38.67639199488161
8163,176.37201784798162
8164,189.5889151569871
8165,84.33768046582261
8166,6.064768145411302
8167,166.00687610199486
8168,97.6092577869218
8169,144.00963207108995
8170,170.78586168810298
8171,-14.417136979077984
8172,27.79969217265473
8173,180.6469791703739
8174,96.15503137496087
8175,52.09587940295376
8176,154.188916122566
8177,99.55672887830431
8178,225.16890929571912
8179,119.814614469484
8180,-3.1115886036772706
8181,37.87705002099249
8182,43.364290816916174
8183,283.0831901476786
8184,218.0211490020087
8185,68.37414695465652
8186,50.74583978717439
8187,246.81521731710595
8188,210.15360513746566
8189,16.693094273785114
8190,117.45372202978494
8191,274.67140420882345
8192,94.56305597263562
8193,213.20303095384432
8194,54.37555509607677
8195,89.72285309987414
8196,185.90460373569715
8197,193.05014392470957
8198,50.59675516887798
8199,43.25385885419721
8200,60.21039252896163
8201,82.9802001535187
8202,168.4988703399778
8203,192.51275093246062
8204,59.177367793247015
8205,103.94323891052899
8206,148.25506819430672
8207,111.03562586038282
8208,70.78170288889307
8209,153.6377066102832
8210,126.61749324782387
8211,278.70732419429123
8212,8.613025051665742
8213,271.0996236833633
8214,157.46791627484563
8215,103.13377000099844
8216,171.74128079333192
8217,193.91338358326493
8218,78.26068941745268
8219,25.03576350938407
8220,168.73332924394785
8221,46.06410371281426
8222,47.48209276903973
8223,16.618088366064374
8224,53.87610915682148
8225,153.31649213655578
8226,54.419263556356256
8227,95.7840691774328
8228,146.29933548359463
8229,43.66133265144713
8230,27.29247982139792
8231,177.91302078493553
8232,-2.054511139186534
8233,165.96049231660993
8234,194.0313115954217
8235,15.58575152736772
8236,118.34806933408149
8237,241.0108774191683
8238,124.05839028795272
8239,115.82184755816058
8240,0.3656883387417031
8241,135.08951339347823
8242,95.24396323461106
8243,7.254360505388446
8244,154.52672440518543
8245,41.36479970504747
8246,121.80043546706449
8247,96.08725381761869
8248,132.11991134921203
8249,48.16438934855738
8250,57.87403927028268
8251,234.0939881569901
8252,122.13405623868199
8253,146.75761779409552
8254,188.40250959218352
8255,52.51274932978476
8256,4.834664583179572
8257,151.93357293620676
8258,193.76637647852777
8259,46.890655224656356
8260,7.3240830743371985
8261,161.0397170290617
8262,164.46181334234583
8263,81.94240101875425
8264,107.76537950003451
8265,98.98320605398756
8266,164.69266192942544
8267,24.41356665941251
8268,45.22215055798243
8269,135.591775375982
8270,157.2537322350424
8271,13.459866111590792
8272,60.01250079415356
8273,38.283944720996296
8274,174.83951988824904
8275,65.37970964739549
8276,121.55357652209838
8277,26.24823171127107
8278,152.94617164011717
8279,140.88121888446207
8280,303.430009704564
8281,8.26413452888917
8282,162.6206000334038
8283,235.44791956871254
8284,182.64305870959637
8285,91.89863855878548
8286,32.79970451029497
8287,315.24283973034966
8288,41.597774160141576
8289,102.33032740764573
8290,112.64939871546127
8291,157.6013714529433
8292,98.07434262395893
8293,1.378225907704181
8294,79.06325536399208
8295,102.31727623817396
8296,42.61225072218041
8297,75.83953631745086
8298,32.22434105016915
8299,102.19829562215543
8300,303.5795116103341
8301,210.71878493121866
8302,160.5921762215566
8303,167.33849176996804
8304,53.32854348080537
8305,77.35629766887733
8306,194.00377604042436
8307,72.61626954167514
8308,199.95534968458674
8309,3.920914937378841
8310,293.50139279613757
8311,155.07543261455675
8312,168.01148704657177
8313,229.8838830432471
8314,115.9132125299546
8315,39.07692140449817
8316,114.13639598572493
8317,55.35574236680519
8318,250.98284655689068
8319,98.96415617012308
8320,164.19184739157276
8321,-3.8895347315200195
8322,89.50813272294769
8323,192.3655869037778
8324,13.595401592488907
8325,12.486526582915408
8326,61.62803116765913
8327,130.60640266201546
8328,267.9508514219139
8329,152.73974059192713
8330,98.73030779276738
8331,174.04925377279903
8332,52.8344020548646
8333,79.70622010900331
8334,154.0434553958444
8335,77.00256475918421
8336,17.466680639817692
8337,151.26064650481118
8338,50.831783468622696
8339,230.2906406711858
8340,112.08053620505174
8341,39.584849874713235
8342,109.29268080300886
8343,73.14430874249418
8344,4.445385853227494
8345,111.85416167021882
8346,93.98412014113731
8347,102.52429353502127
8348,56.04810363220207
8349,141.26450026278795
8350,91.81598194354363
8351,39.7929739356709
8352,117.9118129437537
8353,258.34088284811196
8354,0.5720720864946006
8355,29.60554878967975
8356,5.603618891999078
8357,274.5693157662932
8358,71.19598635037015
8359,52.80756899248291
8360,8.299661840826994
8361,125.46922394793353
8362,42.80726310760537
8363,15.156968827273689
8364,84.3211852559854
8365,212.48085436145575
8366,40.3309816998599
8367,34.87106855748993
8368,227.86451590686784
8369,61.99972836504208
8370,253.02700536663468
8371,29.216710725926006
8372,91.0927975251992
8373,94.27222557219945
8374,99.58397123324622
8375,321.64831697470964
8376,15.64541078183948
8377,51.456272366887596
8378,121.75164265859408
8379,13.167291579704813
8380,232.5044003881225
8381,112.61372888897719
8382,352.2449820513549
8383,192.30769950640948
8384,37.789660717235215
8385,292.2110031266952
8386,-10.319673793288214
8387,28.176025982304644
8388,133.7573150592902
8389,206.2145705806266
8390,316.65572402468615
8391,58.89266767044602
8392,5.987049742784288
8393,105.91886701899755
8394,174.5754627899517
8395,289.6598775342773
8396,122.65887475669163
8397,172.90450567741073
8398,170.45355531280447
8399,158.75966027243658
8400,77.71291501983477
8401,39.43784225319291
8402,114.58901952149205
8403,207.1651787324582
8404,294.7887967898598
8405,216.43601740248286
8406,52.77701820285302
8407,49.632189499174984
8408,52.77701820285302
8409,251.22740583035971
8410,28.19665371356458
8411,268.37071104700806
8412,121.00690237556636
8413,176.88355273820378
8414,73.31048850317515
8415,-4.020566076070085
8416,266.2124819233976
8417,220.64141300367626
8418,158.82921394328173
8419,30.451952008834418
8420,140.73664321430397
8421,-6.620225808773442
8422,53.729789375710624
8423,26.08892614476091
8424,313.41755143566235
8425,28.855498796423696
8426,11.772317379381471
8427,40.94315185702095
8428,90.94298857036847
8429,138.33297740774177
8430,35.60216424578534
8431,80.35058714259218
8432,129.77243790484275
8433,76.07438648998624
8434,290.74534001809343
8435,97.68814225744752
8436,-6.708842187564333
8437,26.68106880602245
8438,261.9474727031784
8439,24.464642232560188
8440,2.073047784155843
8441,271.5765465768116
8442,118.7981601035205
8443,100.63755900154692
8444,13.656536950354594
8445,25.487906007100058
8446,16.609704429918626
8447,17.318875990782406
8448,-2.666670789231802
8449,61.172135147524344
8450,267.88416105382316
8451,-0.7020368680390408
8452,127.25089130986797
8453,146.4679928637406
8454,128.57069612145844
8455,197.17634868393796
8456,18.304852112628247
8457,75.91872824477021
8458,252.7929959475444
8459,39.85607827082975
8460,8.907799286991049
8461,115.31596426464156
8462,40.21133259825409
8463,132.896300335899
8464,257.24001310587863
8465,45.22215055798243
8466,103.23381901983
8467,96.22326140707499
8468,174.10422345459054
8469,108.75987101951479
8470,-1.012822103192863
8471,74.10057161162348
8472,67.2011268608628
8473,32.08056320496902
8474,113.83842223919945
8475,57.346232558879976
8476,168.53464098745178
8477,157.21781371693925
8478,168.94000116438914
8479,279.147714484729
8480,-3.3784430850368836
8481,19.727494180145186
8482,35.391512841984415
8483,192.4674305055679
8484,33.69752805788574
8485,152.18491605458811
8486,169.27780997762298
8487,20.06974834919975
8488,154.64264322734348
8489,145.28961375919226
8490,139.6385956226192
8491,204.48707085361798
8492,312.5492166751067
8493,169.1840573745618
8494,36.93324766370371
8495,316.5822105172475
8496,169.4572077322624
8497,120.28750751679688
8498,8.296931725781551
8499,24.012688426010886
8500,31.37781895819454
8501,31.983792721881905
8502,143.27925984407545
8503,27.814158669817843
8504,39.75993746499503
8505,123.4369541688026
8506,44.55209226260663
8507,23.597567115708806
8508,184.8313314197513
8509,179.37738475274742
8510,182.63477189012605
8511,217.46392523249662
8512,34.92607547149628
8513,154.66895374170394
8514,230.01951455647247
8515,123.43316567428752
8516,190.1304032545255
8517,148.86579254671784
8518,197.3721133029157
8519,43.033705494070425
8520,144.48369039120752
8521,67.06697361487257
8522,55.12939165533561
8523,34.730452190326204
8524,3.834783577276466
8525,111.23321650930006
8526,95.67096029255396
8527,152.1479542321166
8528,212.41174959029553
8529,147.903689914628
8530,118.61744872747302
8531,27.194408275067115
8532,171.85789554647002
8533,5.024507541047261
8534,169.72061483319226
8535,173.0738203456548
8536,47.359469321956084
8537,49.15731511989885
8538,120.68449591867493
8539,225.12480264024086
8540,98.02516365073178
8541,121.18488739130132
8542,62.84218975017212
8543,139.34479617387007
8544,35.97424644910299
8545,166.18895109436625
8546,4.036806535670091
8547,72.76227420787217
8548,158.1418450622927
8549,105.22206770136783
8550,221.81837505342318
8551,215.9846369735294
8552,150.47162183137723
8553,203.58819556031565
8554,116.19419006800908
8555,76.39848021486232
8556,87.63027516365084
8557,184.75583738111385
8558,35.941022084037456
8559,136.15549064321837
8560,20.65378641387342
8561,-2.988840086837898
8562,-3.062237467132202
8563,19.80032299635842
8564,107.67933040628733
8565,116.20746595316962
8566,178.5803024830819
8567,120.2991724386546
8568,163.87722292904476
8569,192.3657844179629
8570,113.45356770297724
8571,175.7408058453137
8572,144.8251456819367
8573,153.75193556433837
8574,211.58226745020386
8575,190.98981103682132
8576,109.29159850968465
8577,185.09621795442945
8578,218.87114983263325
8579,6.875528060394168
8580,197.20179783943547
8581,269.4380784731006
8582,68.38221624320217
8583,7.088931158459926
8584,45.11625779517568
8585,50.69489782591971
8586,67.98729295933951
8587,139.43241723415017
8588,164.7688630101707
8589,89.08430429220184
8590,69.23243905621773
8591,79.46060868555105
8592,197.31384024138163
8593,76.39058485167887
8594,103.1379199081488
8595,210.4049669523469
8596,28.120581027050836
8597,98.04223390284746
8598,91.1096969698142
8599,87.32446072514009
8600,36.46103353194857
8601,111.18484453018658
8602,13.819684300326328
8603,67.83842657713993
8604,138.00249831246504
8605,32.15918853936764
8606,30.57994762775253
8607,96.22870936626973
8608,89.0880914183313
8609,16.448060142917043
8610,156.1265518681728
8611,26.439209034617242
8612,313.0257725636605
8613,5.925537856036232
8614,-22.656805160402183
8615,46.47127136062171
8616,203.81971035550146
8617,53.47764140529404
8618,66.57778494109051
8619,22.008603409226385
8620,62.89183131838927
8621,152.0938349699537
8622,42.399266416466936
8623,150.5399379105835
8624,58.57362697444521
8625,7.597244109608975
8626,26.39021334608928
8627,120.13455101699596
8628,137.72403481227104
8629,242.43060792157706
8630,157.08731787761636
8631,177.72723726045027
8632,0.9281911592499449
8633,88.84136335818798
8634,126.32827543359954
8635,108.39889556025535
8636,94.46726742950996
8637,17.44663882872044
8638,35.557413745903254
8639,3.37553423377772
8640,266.873661243459
8641,129.10203288377687
8642,44.43050188453705
8643,108.57798964840725
8644,140.52191563113757
8645,302.38073180273994
8646,141.5234283143978
8647,72.36868973098916
8648,171.06230318901473
8649,62.24030400710846
8650,86.3157422854692
8651,82.9782562526712
8652,115.60415492018825
8653,33.65255203340487
8654,-7.241414383532677
8655,49.645844231140174
8656,183.02167965990543
8657,51.77520357058948
8658,76.54735703144654
8659,162.19270459711942
8660,94.17716650650428
8661,230.27026754072546
8662,21.167751076566123
8663,-10.578588625789775
8664,25.29063221309721
8665,152.19493930546835
8666,215.6367260191027
8667,44.697075663112926
8668,17.69119256087954
8669,166.91761758595814
8670,65.56928967089641
8671,53.335314923452074
8672,8.161571211099082
8673,148.97312635109992
8674,159.09056370334457
8675,165.79720262550995
8676,152.3800880426613
8677,126.7459031225203
8678,190.770262645781
8679,49.739195507264924
8680,148.573661422811
8681,239.2059500444274
8682,216.15119177698688
8683,174.87560332614538
8684,132.71273922739593
8685,217.2523748739996
8686,125.64216685991038
8687,133.74635164229556
8688,152.13627435896876
8689,153.3315085941809
8690,55.02553312215764
8691,74.6435080898901
8692,8.620740322206904
8693,147.66299600291137
8694,127.055289375674
8695,135.89098147352357
8696,325.98697108593274
8697,227.88061837098988
8698,74.61186011716947
8699,1.3743147462654144
8700,98.24163931890746
8701,53.741258775927776
8702,96.4263261173291
8703,198.57108826083018
8704,35.751751371592164
8705,139.67887525558984
8706,42.76273919615495
8707,69.9558061594887
8708,155.74097568246555
8709,43.5608911165966
8710,5.7459912066737315
8711,152.2020853708539
8712,127.14486411409895
8713,315.24283973034966
8714,35.243198613043226
8715,117.79318460398754
8716,173.69363216884017
8717,174.86730717448228
8718,59.716659210999275
8719,27.831994226695077
8720,70.13888182399907
8721,72.07058500304846
8722,119.06942638359264
8723,142.555414913386
8724,-13.681871454901396
8725,36.775120373666354
8726,194.2356355026868
8727,25.31203523742128
8728,59.069976823942554
8729,58.548591349488326
8730,180.38054983086116
8731,80.28157624548581
8732,134.11980796937854
8733,70.19725985401669
8734,149.9506358768553
8735,233.66918449140894
8736,15.378580462836842
8737,36.06720097008808
8738,132.9606752086692
8739,74.65667691337534
8740,154.57247542369612
8741,186.59645352191635
8742,171.12137732902912
8743,-12.491403216152344
8744,258.3396473090144
8745,293.70473552932947
8746,149.98386324576558
8747,94.68381014497977
8748,136.7943156402791
8749,220.16957708462496
8750,230.48625054913774
8751,95.20700257664488
8752,66.24176910678642
8753,152.87829102487052
8754,57.17056292326663
8755,102.75547690964405
8756,123.09915668848349
8757,34.740196974693895
8758,157.96674182729907
8759,28.386355718548014
8760,151.81168369512181
8761,89.92793846127601
8762,14.50470025667707
8763,98.38606587585018
8764,192.71261188158334
8765,17.227426631315335
8766,23.635103199015713
8767,89.91691756325527
8768,65.88878248464151
8769,237.4452863891133
8770,197.1986655337958
8771,174.05980194660916
8772,60.199379220967835
8773,101.27832723977095
8774,-6.4689808644620586
8775,66.31982888374701
8776,206.65603452691582
8777,143.27226869469882
8778,28.907662203341726
8779,146.18662843766634
8780,312.71520697275764
8781,114.33768296550276
8782,195.70432277351298
8783,111.57701071207006
8784,174.17726608851453
8785,45.22215055798243
8786,45.15036255162201
8787,79.68660051468584
8788,39.887996364613706
8789,22.20754522953129
8790,24.372565975400374
8791,37.361108850959084
8792,41.29166009052972
8793,57.60253975363134
8794,142.9839330206371
8795,104.35208278979927
8796,232.5443374519271
8797,15.378580462836842
8798,183.53431565140394
8799,39.642063506836635
8800,125.67415871665794
8801,154.32066174110284
8802,147.67730537772957
8803,49.73942709400808
8804,124.16810091364015
8805,193.44612357573752
8806,191.7394466459037
8807,86.3157422854692
8808,178.3042658406618
8809,81.07011747901316
8810,162.319980396119
8811,98.38207338432623
8812,142.05654564917018
8813,49.632189499174984
8814,118.71340438370328
8815,167.25530627447046
8816,230.30968780320387
8817,283.9554846638717
8818,16.256070338645905
8819,306.79991738889083
8820,128.97589931412992
8821,97.51903124546139
8822,66.17371973361757
8823,100.20068459461918
8824,100.21486736470295
8825,150.545062572561
8826,12.22161558438847
8827,25.879862292116293
8828,33.074626849268746
8829,114.64221895546744
8830,162.42689299300645
8831,-22.276943246125196
8832,255.5525297983208
8833,211.92120445356895
8834,244.64357928080352
8835,348.26938852664443
8836,89.45859604552102
8837,8.065345452095292
8838,168.02722613446318
8839,161.7523091430712
8840,74.94669948479132
8841,227.34552565023293
8842,40.39578828854525
8843,43.5608911165966
8844,164.0439249112628
8845,39.009987875641855
8846,25.31203523742128
8847,35.751751371592164
8848,22.036277155824475
8849,28.92248966810628
8850,65.7058401510207
8851,187.19149687342284
8852,89.65167452428713
8853,126.56693547077955
8854,180.2419061314619
8855,113.6329211015674
8856,30.91838668083131
8857,273.58076102315044
8858,173.7136048189644
8859,40.67392883457136
8860,11.701558977941264
8861,207.29395545047677
8862,143.9606204224825
8863,232.78580485407088
8864,132.26472491773305
8865,122.78428992739775
8866,72.51963236972212
8867,317.92961967198517
8868,115.60950718543118
8869,219.2157869132863
8870,28.194503729915038
8871,295.8854603283847
8872,295.8854603283847
8873,172.35266368916342
8874,142.16596682849956
8875,16.45960213638893
8876,-1.012672250731126
8877,151.27748313585224
8878,177.00188446403052
8879,126.4750954348198
8880,283.9521240529234
8881,208.45614291754993
8882,168.18004318077334
8883,188.2407093149931
8884,43.75255891812731
8885,72.69263564387468
8886,89.52801180844006
8887,10.470961340426818
8888,39.36658397041732
8889,154.9098299393701
8890,43.673068262843515
8891,101.09200271449329
8892,151.8057857942554
8893,131.6515585728022
8894,38.25626570034143
8895,52.758216264958165
8896,-2.247343120610152
8897,207.4344718370279
8898,11.545786318228762
8899,25.0126202776464
8900,21.17701043183853
8901,202.17538241220413
8902,101.72534630481401
8903,214.27152455187777
8904,179.39244715240864
8905,293.60358897843383
8906,96.15180166360716
8907,168.52184791761465
8908,150.6439661119808
8909,171.39421220388908
8910,248.05062876183726
8911,95.80820313730862
8912,271.0996236833633
8913,176.64241175881577
8914,197.72089956743196
8915,75.63726274904965
8916,158.68246242253863
8917,173.01372019289803
8918,65.95573066272729
8919,104.30376145623711
8920,95.21466326254722
8921,261.67856826812897
8922,64.16446767718351
8923,130.9937959883034
8924,34.12992053513103
8925,115.60053736462785
8926,173.72039056744265
8927,50.709403900318
8928,44.61457742268508
8929,155.87552251337397
8930,312.71520697275764
8931,152.75931653979092
8932,146.5130555849982
8933,28.852044798767125
8934,159.78901029203473
8935,186.3825848844824
8936,120.3373781886761
8937,-10.933851602271389
8938,148.22117329892734
8939,120.84955370479635
8940,142.23655958284317
8941,30.17599606881705
8942,42.67615866923828
8943,25.91297925079577
8944,-8.264123709006268
8945,130.0473598030756
8946,90.91939918863257
8947,133.3527054109454
8948,193.52055417345724
8949,183.86659338028068
8950,161.52053059849314
8951,97.94812159984832
8952,-5.381646793648994
8953,-1.1599484835243379
8954,-4.531694968986905
8955,253.71877623300537
8956,124.27007812056922
8957,134.5129286712392
8958,22.568362108939397
8959,110.79092951707308
8960,136.96223903359422
8961,47.05572007155593
8962,39.85607827082975
8963,5.586923767170911
8964,125.708876885702
8965,2.258093367274128
8966,246.97949025540427
8967,155.9596195136156
8968,40.94711464387304
8969,179.38645867427707
8970,91.20428784593719
8971,107.09616000197568
8972,83.44809799703218
8973,-1.4006022831900298
8974,112.05311583287059
8975,32.18785966040127
8976,51.04934646551936
8977,26.83194672947126
8978,36.919890646559125
8979,8.50952652190292
8980,31.12563107572456
8981,96.63996544378185
8982,266.6747498600152
8983,117.26106801945893
8984,71.6149030715097
8985,236.17949420175032
8986,137.61642990525561
8987,155.63769917262724
8988,9.641450684119368
8989,292.53853996393923
8990,95.46796077853391
8991,213.98388653233323
8992,117.21034512774551
8993,27.29247982139792
8994,118.36442144407395
8995,32.59452804060012
8996,94.18051127733672
8997,202.89308143417875
8998,116.69171347130259
8999,46.45301844088672
9000,-0.6869522997652139
9001,-19.588926113580918
9002,184.0356556082899
9003,8.19809963533723
9004,248.48860890382988
9005,277.7473465968096
9006,148.00940670106766
9007,245.75566773169277
9008,63.123124555282836
9009,116.1145448754814
9010,204.39751215022588
9011,144.58293080034298
9012,158.29857529643488
9013,26.214848890067177
9014,167.9918736251908
9015,96.60699561174876
9016,47.190620988301625
9017,133.7969034279314
9018,39.36658397041732
9019,54.39637294406146
9020,118.66173005044564
9021,117.92391087885575
9022,-10.507904577039705
9023,24.95838362447596
9024,230.46739728295177
9025,26.24295119130538
9026,43.69828107122184
9027,10.489991908173877
9028,138.8471124757822
9029,206.2382753746292
9030,129.48978975636524
9031,179.7139776012635
9032,295.8854603283847
9033,178.06857635408645
9034,150.72600677888005
9035,12.944067004185635
9036,98.77144993332331
9037,94.14029767939464
9038,223.63359143297274
9039,212.92037128078684
9040,54.194604937005806
9041,4.345784746401598
9042,231.50704415543262
9043,85.4515489678542
9044,125.62665389046211
9045,290.31422566179486
9046,103.27670357426318
9047,77.19406651214281
9048,29.675888460223373
9049,21.92289071400784
9050,143.14695458059606
9051,44.52521491920826
9052,124.17323159149333
9053,34.111700459374454
9054,44.98613318614516
9055,135.9991847956819
9056,154.30742759839129
9057,61.127765964837984
9058,121.56184598706038
9059,184.80034074405975
9060,101.87357134587688
9061,26.098335198903868
9062,-2.0614433345762677
9063,67.53858645654013
9064,187.80728365942906
9065,107.43945444417866
9066,59.08333195536152
9067,154.12659355734436
9068,166.0011219507122
9069,206.72694576313333
9070,181.29657506308894
9071,51.2027839273628
9072,273.05562675118495
9073,23.961927495529576
9074,140.86833118366934
9075,61.78243447608752
9076,28.183513382986312
9077,193.71833785801033
9078,131.66183155640132
9079,73.49999412715161
9080,185.5611332438799
9081,66.79176993219632
9082,174.89330823549648
9083,148.7808853106539
9084,166.0550404417667
9085,140.19330936859544
9086,88.87990017190693
9087,-7.960907978136504
9088,83.93971247790124
9089,137.83437260512378
9090,16.66312249545847
9091,206.64813828740157
9092,127.01523921671426
9093,96.9216934168988
9094,215.0540554813492
9095,296.6431283290986
9096,61.4891153126909
9097,167.85161071337495
9098,313.41755143566235
9099,34.50757761328081
9100,1.784046404896886
9101,132.8444101636758
9102,97.71655717750932
9103,173.746082893244
9104,223.5880175835684
9105,310.54035915018585
9106,176.9528171192135
9107,54.113137645033774
9108,87.43191389747065
9109,271.97487043872985
9110,62.94348182793948
9111,203.03007302941157
9112,74.18115193694901
9113,17.514960537563468
9114,117.75694039919654
9115,68.17424387379543
9116,134.4060455654733
9117,24.066267637576356
9118,148.7029539541335
9119,41.374354871610336
9120,148.71402608825352
9121,24.98097938385061
9122,193.34941747934198
9123,116.50193161027609
9124,107.64282384631312
9125,98.30970321958846
9126,114.41405663825292
9127,54.18670969819361
9128,2.875758787853382
9129,47.55499293151732
9130,34.948826840765285
9131,73.83056561227515
9132,86.51154528264593
9133,69.402241614184
9134,144.40931423115876
9135,181.3443436751527
9136,30.91838668083131
9137,53.15418296895881
9138,-1.8548462473162957
9139,37.25178815561392
9140,37.0066011346522
9141,149.72734882565797
9142,-14.28432207802148
9143,116.48354345797492
9144,146.1690151307272
9145,57.57410838910959
9146,57.85269562335249
9147,107.98861847397903
9148,55.97927687058751
9149,29.23149443257376
9150,143.8125407920546
9151,62.84218975017212
9152,163.44619464084653
9153,47.34501573995824
9154,193.47852004738985
9155,39.66844698401615
9156,155.79200417301854
9157,190.146655712649
9158,75.9264857695774
9159,180.56506535281085
9160,85.3728774473213
9161,184.0190401860601
9162,276.8454649892417
9163,76.7352117694354
9164,130.09826983790427
9165,123.70009297187072
9166,179.23180101721846
9167,191.67644432841155
9168,94.86683037715287
9169,14.188830669209272
9170,260.6455549373776
9171,93.32997903943806
9172,73.14430874249418
9173,246.04620168061663
9174,35.502646014449944
9175,76.00428410747848
9176,99.8728442427495
9177,169.18929836534332
9178,224.41771192640059
9179,84.0487565554997
9180,158.86471026808752
9181,160.48099784262408
9182,110.994755146617
9183,206.36091136243462
9184,9.720969907530506
9185,149.5985261848679
9186,158.3851920606734
9187,94.25768169653318
9188,48.387507423369925
9189,202.47739131709417
9190,110.42614009887251
9191,159.21915347785438
9192,63.798878204158115
9193,95.16325316268258
9194,20.879244950970612
9195,165.52181365111238
9196,186.41018946690932
9197,194.14270825454176
9198,145.6066156619005
9199,171.62070522708026
9200,54.19294125223326
9201,158.18195674715633
9202,109.73343559541881
9203,25.830640929798342
9204,191.3371017022521
9205,108.95539590478705
9206,1.462850824954742
9207,104.18800092962566
9208,127.33188692912843
9209,298.52794939485636
9210,41.73099138947485
9211,33.519976990308514
9212,293.60565468981673
9213,103.89167518716458
9214,137.80566698954078
9215,141.0923681154697
9216,156.78030387824623
9217,121.09627412529777
9218,152.3455354938788
9219,87.98817603706308
9220,32.66767747553047
9221,31.14915947883398
9222,290.5166999903349
9223,36.08342430638351
9224,255.49308672960098
9225,172.11344821569983
9226,89.95157476102641
9227,2.179115094437041
9228,9.495159526986255
9229,85.08529070393291
9230,85.35753199433978
9231,103.455664217383
9232,0.6391917781933515
9233,116.46687383787427
9234,162.29145000509735
9235,151.52859320072176
9236,52.194284595734445
9237,193.2189006310784
9238,250.21251910533067
9239,314.1620058239079
9240,181.1214830497448
9241,8.885017675605384
9242,285.24758639338563
9243,179.771540618071
9244,103.53163455130273
9245,137.09230777825968
9246,178.94866668193632
9247,16.365626784384133
9248,165.20676334055648
9249,142.89208450295908
9250,177.37743296404744
9251,17.87647579598092
9252,96.91040523198991
9253,182.84064409087773
9254,4.595014676348348
9255,159.0282068826233
9256,177.10283163441488
9257,-3.7383988135467408
9258,212.3916931431458
9259,195.37874766859815
9260,53.936868008024696
9261,210.66491261467044
9262,-12.058818515035048
9263,170.56079076749455
9264,164.99513755769243
9265,19.479522683887563
9266,54.305026267816764
9267,74.45305044706357
9268,46.75068194059287
9269,185.666490781321
9270,99.19152600344437
9271,274.5731086405526
9272,138.80230451318266
9273,66.50541301113758
9274,35.434525859096915
9275,5.170172040802713
9276,88.04946032299773
9277,117.98918613868224
9278,30.779357407195565
9279,-8.489091613324666
9280,106.65177796076767
9281,297.36297750639335
9282,82.6025990429629
9283,153.99959894082997
9284,3.0102427171404202
9285,74.61186775120143
9286,36.47018233207674
9287,93.62096546026227
9288,248.5480090955384
9289,266.3498705566045
9290,54.18977333324231
9291,149.34600950745943
9292,157.36743190327593
9293,155.04939140460485
9294,215.3752196888788
9295,191.74214145314087
9296,193.1516852153895
9297,6.377977586276533
9298,183.00704905252343
9299,117.20870003163047
9300,40.882412770140114
9301,185.16246087167747
9302,40.2891775354828
9303,154.22160947484204
9304,151.12707289978604
9305,45.617571404911644
9306,139.21198668663718
9307,143.2296981230487
9308,241.28106791987165
9309,111.31175218490372
9310,50.83504997522234
9311,71.75080839490491
9312,93.93817758855346
9313,120.05370834296632
9314,129.88703452225528
9315,86.41586696995127
9316,107.04267967074937
9317,49.9059143557912
9318,-18.928340893307908
9319,113.19611001521723
9320,183.68618660693764
9321,165.79316782767808
9322,126.91838618993312
9323,92.17233219438438
9324,90.76408220212953
9325,98.70163452669503
9326,24.324356471364528
9327,172.67594230398345
9328,123.66147539030209
9329,65.31272828463689
9330,91.86957651437258
9331,180.16977474399502
9332,128.66036500390965
9333,8.26413452888917
9334,154.7289495421282
9335,16.816846367960185
9336,81.47435393267519
9337,31.94471753833856
9338,83.04010838125416
9339,80.84526156259845
9340,19.373909572955167
9341,316.65572402468615
9342,123.44016695946384
9343,4.497210834080048
9344,-11.382475423277238
9345,120.49486702500248
9346,123.38382206665858
9347,30.335519741697397
9348,165.99061043922882
9349,34.817352091321425
9350,7.225273319377592
9351,177.16940107035606
9352,130.47636240519756
9353,49.4799402658102
9354,55.33104924164306
9355,73.83470461422907
9356,76.46031402446054
9357,85.83132084144265
9358,39.403280869926434
9359,100.53132231004933
9360,141.39116317645463
9361,212.25215039339372
9362,116.48658231713361
9363,150.64686188773595
9364,141.75931252538712
9365,163.92830254965045
9366,26.50454606354577
9367,171.3218583974629
9368,243.7222250210913
9369,30.27037993690517
9370,64.54399615142556
9371,92.87516197876992
9372,104.24872382321843
9373,58.71204489415097
9374,146.89937334656057
9375,137.74547594868838
9376,62.292822699165036
9377,217.24346607201005
9378,276.66047129538066
9379,96.24817602115357
9380,202.6714211472775
9381,180.0742142835172
9382,71.63775221083878
9383,106.41218172123207
9384,92.02357443706256
9385,0.3170162458360362
9386,181.50440528760763
9387,241.21534517442308
9388,145.5271244705524
9389,143.00969121803115
9390,156.271005654212
9391,132.15099595485657
9392,27.227888402485515
9393,-8.0306178053716
9394,20.914540017116195
9395,233.0225151585725
9396,51.741028989830156
9397,118.81145015524605
9398,156.0732893606872
9399,129.96323055722695
9400,161.0587449826841
9401,37.619523920805776
9402,35.157617444411706
9403,83.70700950396764
9404,38.394926499160924
9405,206.90127630540755
9406,1.1570001458778465
9407,91.08785487610913
9408,125.20610872154175
9409,28.530301611826367
9410,134.94309307283157
9411,198.1841338790977
9412,-11.775828917854952
9413,43.33931843043926
9414,44.28622078381172
9415,7.018027977395537
9416,98.61173925393594
9417,274.67140420882345
9418,132.98862264494562
9419,65.37372965617227
9420,42.39590824690301
9421,0.17871859191688716
9422,163.37517650821124
9423,25.22996057914457
9424,122.13978879164685
9425,116.95678694964481
9426,67.53406647952968
9427,169.801078226483
9428,202.84873886908278
9429,34.905551398720036
9430,166.82376373330408
9431,181.55077870004868
9432,160.39256516157255
9433,54.3405083963058
9434,38.283038500303896
9435,221.77300513529414
9436,180.88800760865627
9437,53.87476997836245
9438,99.6674579958245
9439,-25.044272643103174
9440,20.021862073554747
9441,31.6872097103913
9442,95.61561556366769
9443,2.442776008981373
9444,289.9847791616944
9445,16.444225060585488
9446,-0.4711540447051657
9447,83.96359259124554
9448,92.47146878501056
9449,10.012423695016896
9450,36.6220534928743
9451,51.89763076874526
9452,42.19862316883141
9453,113.70917790792187
9454,7.186144996814812
9455,156.50851820043295
9456,55.36867564324294
9457,230.8457105119564
9458,2.4181472895706486
9459,139.68021117484585
9460,71.60638833216704
9461,127.20786022870504
9462,111.369788845626
9463,155.77963433035222
9464,276.4831915218403
9465,288.1782615516697
9466,147.67233458718815
9467,23.47354320531849
9468,167.05045556110645
9469,214.9490107703927
9470,48.918179349245165
9471,118.52861433532304
9472,64.48209014016444
9473,197.61952500073886
9474,87.08651516960472
9475,265.15487360820146
9476,41.36479970504747
9477,112.68468812842617
9478,44.975064033049435
9479,21.196479221584916
9480,315.1961843831832
9481,-2.3754823697354484
9482,186.03464673413134
9483,39.610664244551565
9484,309.92670176270536
9485,153.38278924480048
9486,-12.994404824374975
9487,28.907662203341726
9488,131.1770797181264
9489,62.56335180968332
9490,201.86375181103966
9491,125.78581795810891
9492,111.51201859040172
9493,75.6904431444789
9494,237.61515354798428
9495,139.23468161268474
9496,157.34815044715523
9497,37.72910142422296
9498,-19.884086242335716
9499,109.44113418230639
9500,202.43954928219452
9501,198.89453392381392
9502,112.82061194162628
9503,71.21730380514634
9504,-6.731453256472957
9505,165.6990944601992
9506,177.34531450060564
9507,165.405503938341
9508,88.43349806387342
9509,33.51599976236409
9510,-1.492285412450937
9511,171.29557901209404
9512,176.94121496711693
9513,70.84091480581672
9514,90.40930013117726
9515,293.6102679882542
9516,114.7622849379619
9517,225.387188108666
9518,268.14852056975394
9519,168.41910475092075
9520,21.278207134221407
9521,94.50861598727535
9522,261.3359853627422
9523,22.200167063722372
9524,291.50156269929903
9525,187.97061525791045
9526,258.24886505393545
9527,104.66598409846031
9528,121.1513071557824
9529,48.82901981689295
9530,121.95769440914745
9531,187.1543069533883
9532,37.90158306724246
9533,136.97264130263747
9534,189.52910074892674
9535,133.55536337332668
9536,161.95316703905928
9537,196.70546728195538
9538,134.97328014139572
9539,166.6213628858907
9540,150.86964166948923
9541,149.82905423106527
9542,166.57705987073737
9543,141.47888082556744
9544,38.24119752962373
9545,201.59718910183003
9546,158.7238678705807
9547,284.3659806634446
9548,33.074626849268746
9549,9.441378887703863
9550,196.09188985518668
9551,118.86877426551088
9552,120.85854401571044
9553,42.0027304485966
9554,287.752427439684
9555,142.46358588749692
9556,142.95764744988315
9557,138.7633364113081
9558,37.97890179340027
9559,140.94535672645483
9560,120.01556533285333
9561,57.91453786350606
9562,315.2113636404824
9563,25.928417293385152
9564,102.99400597798255
9565,107.36183334441384
9566,-4.209884226151398
9567,13.1863500898355
9568,266.8696296023848
9569,238.3502525621345
9570,-10.135944007381712
9571,230.5245567444276
9572,49.83783769114076
9573,295.8854603283847
9574,50.74583978717439
9575,29.67211168173478
9576,17.717482479489036
9577,83.44445316427914
9578,147.69608899547066
9579,91.64887418869444
9580,25.29828497883627
9581,131.9933510230216
9582,196.63455699733709
9583,82.61424896424853
9584,140.03935391674295
9585,144.933328152048
9586,41.69145065530165
9587,197.32401573321914
9588,345.1173178151945
9589,155.4495872905402
9590,178.63893390063802
9591,1.7236001198012172
9592,78.855997868292
9593,230.57251159184247
9594,107.38272033976247
9595,100.38012396647622
9596,155.56655177840872
9597,157.207552766636
9598,196.42170735955492
9599,54.113137645033774
9600,43.773286490120675
9601,119.78235837349462
9602,35.14873524854553
9603,57.85985660996114
9604,31.26005775118526
9605,154.37485620181153
9606,134.0314634181688
9607,-2.998079478951666
9608,139.15654099614164
9609,166.29791799246837
9610,44.060871057065334
9611,71.20718437078474
9612,101.21350101636644
9613,127.98046999741771
9614,277.55964309416805
9615,97.95793269206123
9616,27.593292375186063
9617,33.9992230540359
9618,153.8074367236894
9619,-1.1356497810762551
9620,30.118351716513175
9621,4.956724407085589
9622,155.90537357918413
9623,77.95656514750021
9624,285.8534745425757
9625,1.0434283497923964
9626,168.7805534949506
9627,68.02685326982609
9628,128.8172353640657
9629,201.7527210778865
9630,126.97383023526834
9631,66.73977104467872
9632,21.765345164744186
9633,75.48590884119403
9634,15.57100994400673
9635,27.027463824002506
9636,35.157617444411706
9637,74.58814237745072
9638,47.02941946081078
9639,122.60018912135827
9640,103.27184168463498
9641,275.9479218237896
9642,253.20135568508138
9643,61.95528680060963
9644,8.667963437198884
9645,112.9109184430402
9646,194.26968885470825
9647,212.39710016810864
9648,75.75443428192825
9649,168.6858599504823
9650,168.49737330332601
9651,22.644705281395108
9652,64.96331341586477
9653,172.72873097542453
9654,4.881551465623404
9655,28.539509884607348
9656,177.78169637944706
9657,125.68884576677341
9658,192.0760826636038
9659,142.0007174690298
9660,196.49437036795334
9661,78.77977900310171
9662,188.74253183069925
9663,334.29719630692927
9664,34.110604974610716
9665,36.348864283468025
9666,53.45898613010558
9667,136.54090085143048
9668,25.423609084599587
9669,100.97311747878737
9670,-4.443667869567637
9671,15.910911173438443
9672,168.8393306349605
9673,1.3449045225706653
9674,225.422009408921
9675,79.17647562983767
9676,189.14407136596213
9677,42.47228325827438
9678,104.61006120584466
9679,31.540863669480633
9680,298.6899483670836
9681,36.29426690156488
9682,-4.040135999355494
9683,177.58770216183007
9684,41.600021937188615
9685,119.70798281272188
9686,139.97610356988415
9687,61.615262507144756
9688,159.1147245578644
9689,271.439793386642
9690,28.922192053715186
9691,23.775571802126453
9692,56.536599807854934
9693,92.15390599767885
9694,153.36161818038408
9695,37.03285216283548
9696,53.99886139590934
9697,44.051706983160386
9698,174.69194519742896
9699,21.765345164744186
9700,-3.759425299807444
9701,38.39030071892133
9702,45.504841710153336
9703,60.77788502063691
9704,151.58361202879846
9705,-2.998079478951666
9706,30.151714098632247
9707,158.66537458873407
9708,111.70673116047642
9709,194.20857344231507
9710,21.946823272674735
9711,157.92987338113633
9712,91.35547389492245
9713,88.67220989274712
9714,157.4039462236648
9715,155.5171612464744
9716,66.37911332513069
9717,56.91842609864455
9718,35.71668283787546
9719,132.20655540552198
9720,103.0872874275142
9721,284.36659722441334
9722,44.239221185309745
9723,218.3412431814403
9724,134.10972021614208
9725,64.64441757562638
9726,50.54667352882676
9727,93.81971933305331
9728,57.46081029917405
9729,159.75724388307606
9730,41.88135574576983
9731,70.4116925168258
9732,31.25010965226297
9733,229.95298929691808
9734,22.52075800204913
9735,274.74867400386586
9736,133.4438406885701
9737,173.49992885706777
9738,162.42596951814787
9739,135.41566590253797
9740,105.48575189132052
9741,11.703361755804309
9742,10.374630240873211
9743,258.3180322724937
9744,105.48315090661421
9745,130.08498951952552
9746,67.73727372924562
9747,42.496038695274876
9748,174.93153008304515
9749,73.13099503013117
9750,12.503331907072265
9751,15.141353325022365
9752,104.89682004866408
9753,313.41755143566235
9754,153.6474822874808
9755,56.1057337928568
9756,89.01170000014346
9757,157.70071206553416
9758,-20.156790199144158
9759,-6.24720722808973
9760,136.00288396724454
9761,88.03232612396188
9762,224.9455276406483
9763,133.14837844049217
9764,223.07469316852948
9765,61.405289837427794
9766,44.59210350779016
9767,108.79743723705084
9768,89.22096572200341
9769,157.00351979957742
9770,73.52454632186617
9771,16.6457544551741
9772,17.264656148627612
9773,24.98097938385061
9774,94.57147112229632
9775,172.26784094997583
9776,75.1976358491674
9777,32.70607355112879
9778,26.195713488453368
9779,209.14690583665018
9780,111.5415471421696
9781,141.3159413961323
9782,83.76922043438638
9783,26.51821758538663
9784,300.6821528749475
9785,30.151714098632247
9786,0.5071887392801238
9787,9.57252400937517
9788,2.900925496119367
9789,96.49692699932812
9790,32.31312748912872
9791,127.72368825265157
9792,287.31269056669214
9793,1.2480071211979105
9794,48.709214452106266
9795,70.68115742657545
9796,217.2222516610578
9797,192.30769950640948
9798,51.03711319803483
9799,1.5679628277082651
9800,182.3011699000905
9801,1.784046404896886
9802,137.38156195335768
9803,83.03642312112645
9804,235.6251382240595
9805,84.43679932705165
9806,31.347112170161992
9807,259.92515529250807
9808,149.4335380997447
9809,65.41836223219335
9810,36.81538361231743
9811,3.965470003962676
9812,151.81846864486215
9813,122.551539447284
9814,27.90894112612878
9815,193.6983633026934
9816,184.64621382594868
9817,109.5518214533556
9818,210.64921889384436
9819,30.538118287245506
9820,176.75601400583687
9821,34.63837805729956
9822,65.4885982733762
9823,4.699254442425748
9824,163.5973238195533
9825,267.62656971346036
9826,294.682888668642
9827,34.89454958425772
9828,177.84176119435014
9829,5.222310727152584
9830,269.4771631242346
9831,10.566482301638244
9832,200.1421975716202
9833,155.08228210478464
9834,170.89926897155595
9835,224.31345926365884
9836,95.21525646911284
9837,79.3210023593138
9838,101.52418003501467
9839,4.249225383301991
9840,36.38056683247323
9841,-0.5832434469971607
9842,205.51864972317432
9843,234.48007378964047
9844,173.1327299126766
9845,149.88797527981671
9846,4.309798027400691
9847,109.53942639245261
9848,138.44642023271055
9849,36.348864283468025
9850,162.85178888272273
9851,68.27195032270009
9852,0.40390328480176746
9853,38.92402023975326
9854,28.576138769206672
9855,63.326449934268304
9856,205.157627944828
9857,146.28186862647732
9858,231.91375304376234
9859,102.72418011100038
9860,121.14171863775668
9861,113.82448230639699
9862,19.862850706373543
9863,274.2415600899386
9864,80.43730154836894
9865,140.89548155717907
9866,190.7409502250765
9867,163.33024466220536
9868,259.59570014218986
9869,43.673068262843515
9870,-14.331009620682659
9871,85.69301542864928
9872,178.15098566168726
9873,88.48419504760831
9874,149.376026690777
9875,168.51821453689575
9876,134.00711141378127
9877,115.53299162957245
9878,122.47904937714877
9879,90.98598901952397
9880,2.733283278213171
9881,3.0958315672209507
9882,121.75833367873497
9883,264.700757228913
9884,246.07892547047865
9885,7.254360505388446
9886,231.91241075260808
9887,93.27367527027407
9888,110.13942396435586
9889,300.2862088483565
9890,44.95040762426176
9891,-1.8987001198722988
9892,124.25222803051614
9893,-4.2525545379727925
9894,129.81349533927337
9895,143.52615035715795
9896,83.56276596874561
9897,277.9606716298874
9898,294.11450814287366
9899,131.01344825663026
9900,321.67009454725417
9901,124.87361583398994
9902,-12.058818515035048
9903,28.19665371356458
9904,29.490395810460292
9905,44.96910195898363
9906,72.93721147434975
9907,169.9446579127415
9908,181.59248613245322
9909,22.016687780498444
9910,137.26764117326476
9911,32.46668730308817
9912,122.94016901823947
9913,167.70093889037074
9914,225.3072215448012
9915,49.969552655052134
9916,138.6737108346756
9917,72.11015679636576
9918,91.45975122661213
9919,192.61689226184816
9920,120.50940043664397
9921,273.5789935992175
9922,95.56534085942768
9923,27.417115378338003
9924,141.51195514329325
9925,282.47518351245225
9926,140.38629253505624
9927,85.21625299326703
9928,81.12740349867951
9929,101.66089732031516
9930,96.25689196113166
9931,210.41281968528455
9932,211.872857668689
9933,174.72485870284547
9934,-5.216530647632548
9935,226.78434653782824
9936,137.53544702217994
9937,178.65994623652395
9938,28.201329059494167
9939,228.81228801391197
9940,75.9264857695774
9941,180.06946726903297
9942,185.7015456522822
9943,163.80142391367113
9944,215.4322817208941
9945,42.115211418442065
9946,186.645611108833
9947,123.44868845485794
9948,232.57102493769696
9949,58.15018341033107
9950,144.7941662985966
9951,32.54159390560571
9952,183.1444381870291
9953,191.59452857971985
9954,211.61339210745092
9955,186.55792018842544
9956,37.64583210243576
9957,164.63421836452753
9958,139.4357412503647
9959,43.83968141830339
9960,79.11766637946546
9961,18.66392131780473
9962,287.93302373882347
9963,122.03475305352961
9964,269.65039420011215
9965,115.71249362705113
9966,194.37233402068165
9967,40.10059027319659
9968,32.53946574972273
9969,163.94927265878835
9970,24.01386576589494
9971,209.12165455202512
9972,80.79239088294348
9973,137.6543350699349
9974,-8.476524230486378
9975,21.563991408853468
9976,80.00288322740549
9977,104.5413413756962
9978,133.31162691649894
9979,356.00478884806404
9980,52.008819363057675
9981,155.82207057867294
9982,119.93907644962611
9983,236.38920815606212
9984,14.573041788874963
9985,175.69657298980118
9986,76.20894994524734
9987,15.717214449809296
9988,161.4949459996591
9989,114.76522918803656
9990,6.359655415010434
9991,42.63163123720257
9992,22.26342594251051
9993,202.83097853798373
9994,153.02247345587227
9995,136.30373041080992
9996,61.55291176706581
9997,31.082991306168108
9998,35.4049601423517
9999,229.49730916598628
10000,193.26862057883756
10001,270.93076242406653
10002,61.59011795971493
10003,3.9151212059591627
10004,121.22550161666119
10005,133.99586176846995
10006,161.0439935315174
10007,17.196832634692566
10008,35.96402848737906
10009,20.732461629789906
10010,13.905901268638203
10011,29.130467083268115
10012,158.86034008878258
10013,136.97799389328267
10014,26.24827407243424
10015,83.71197172719548
10016,120.9983327894224
10017,119.5255775481644
10018,14.24347840256926
10019,43.91198613356029
10020,201.97937757862863
10021,293.4375986807829
10022,96.93941308768204
10023,61.59011795971493
10024,188.18178062721773
10025,153.57908975713684
10026,50.25935438888462
10027,80.600341258009
10028,132.5743294012576
10029,169.73971179302018
10030,226.6676800264083
10031,62.028115387374974
10032,2.093992019909218
10033,51.119806986906546
10034,0.9174410454469023
10035,121.08536887353007
10036,147.36843552325522
10037,70.1315616982472
10038,321.39176787766974
10039,121.7915995586408
10040,37.982659015307185
10041,343.9379121881756
10042,107.19161180963002
10043,5.273866981107983
10044,269.69554170427836
10045,274.20132017188945
10046,162.9211867405533
10047,130.3613473586745
10048,43.5608911165966
10049,149.22469833536806
10050,137.72403481227104
10051,8.17961477457657
10052,178.16778822087707
10053,4.036807811822152
10054,135.3621698870693
10055,215.973725677043
10056,147.0249370510673
10057,19.633461664900857
10058,45.22215055798243
10059,66.51430952217206
10060,96.46709775747098
10061,269.5670556693752
10062,64.31633491679159
10063,249.18546970372
10064,106.39139238725487
10065,172.03385440022348
10066,35.53113612000644
10067,281.7019359273595
10068,123.92767606343692
10069,-2.249483682788734
10070,154.10925875407776
10071,35.12477184068278
10072,126.3907586464237
10073,158.6040405241692
10074,-2.3189168157603697
10075,14.701918568803897
10076,3.19516250001126
10077,111.97767697562462
10078,132.19222808927455
10079,72.33282107562536
10080,150.73678902513285
10081,95.34875717119613
10082,40.44962801605777
10083,172.8716786988106
10084,39.967978391206714
10085,96.50975211805755
10086,103.77991756301567
10087,68.45438808670303
10088,157.12946671116464
10089,25.229504544915105
10090,113.42212905934423
10091,93.94575781971186
10092,48.70160318521217
10093,165.92103539990856
10094,8.502192491458878
10095,83.2027450720601
10096,135.69727627269668
10097,149.25810545228927
10098,147.92372386760852
10099,175.24231701684573
10100,-20.917263219018277
10101,149.38716089536217
10102,-24.71017466827275
10103,280.0724649586437
10104,-8.335631281937385
10105,208.0564306021219
10106,164.24749952347508
10107,247.84735031064804
10108,-16.81058787497826
10109,202.75222046835466
10110,53.20165844143416
10111,12.317883074726982
10112,12.880292926630291
10113,11.659544300580496
10114,149.1891841805453
10115,74.7267492108712
10116,70.6279396125414
10117,7.359835159349898
10118,34.43928698985228
10119,60.67720670075146
10120,126.45519143406668
10121,58.09563196627792
10122,113.8829131781442
10123,29.603775884074327
10124,11.383502015254209
10125,180.4452469726843
10126,103.38421512113536
10127,188.5516266053008
10128,101.68902385932958
10129,174.79863860686515
10130,24.71504283219078
10131,11.058368187762692
10132,209.25215655834833
10133,52.434885615995995
10134,-4.541218483418883
10135,198.43755899915726
10136,45.25994311671188
10137,89.2888071282281
10138,114.06056198167394
10139,153.94457768571397
10140,99.26105304043173
10141,172.12923086691708
10142,138.72783030298908
10143,203.46871550850997
10144,189.186470546066
10145,220.33522150236877
10146,36.07795369846923
10147,73.32449227602464
10148,48.409690300573835
10149,72.9265111843995
10150,205.439897179748
10151,186.68842429537705
10152,150.11971614679663
10153,32.593371372225604
10154,95.95576860309677
10155,155.16000787781246
10156,6.28852591556256
10157,183.53438966762718
10158,14.850005063666494
10159,158.87403837820972
10160,171.85191217147099
10161,177.71489599671077
10162,67.93869013679353
10163,117.02178200035515
10164,91.20428784593719
10165,95.99259926708926
10166,-0.7624343054372369
10167,24.59874242198329
10168,7.8800412177889125
10169,226.88815578500146
10170,131.36747475432873
10171,19.49451102168606
10172,126.37673340036301
10173,75.52611721852888
10174,311.13371084906333
10175,38.96864555821211
10176,85.44142423228251
10177,130.41421981942435
10178,118.29515452370744
10179,98.55480433166777
10180,154.65967874015277
10181,74.87191779834203
10182,297.2522480388007
10183,85.41568492100093
10184,42.91107237876931
10185,87.2477616894804
10186,-2.2051501294979707
10187,9.64238351033488
10188,95.56509007506534
10189,29.040548564192317
10190,164.76585967671508
10191,40.84893980832612
10192,121.88285212638004
10193,122.31862185805083
10194,35.60216424578534
10195,190.87437829800706
10196,92.5549431424716
10197,52.30597725296926
10198,148.90689955518562
10199,180.69096903192482
10200,153.01130655064867
10201,110.35056182425589
10202,31.418837524020407
10203,39.14049287086416
10204,3.4361384792310226
10205,109.85811551269687
10206,103.4151258796208
10207,171.42561744896864
10208,51.41778358234092
10209,166.60778441783316
10210,22.71247147300867
10211,223.58268328514578
10212,80.08489186758449
10213,190.99985023449594
10214,293.5729448229741
10215,230.70742423889666
10216,155.49479290461394
10217,70.97511082018634
10218,165.42441545909773
10219,159.0581854012476
10220,69.6181291959946
10221,66.50655254449639
10222,282.65417439922277
10223,71.93717626540118
10224,39.66170187657918
10225,183.78275806091224
10226,162.16003770092948
10227,19.477826671175524
10228,153.41403254937222
10229,51.32857339429297
10230,26.872265439118305
10231,129.22723918448466
10232,110.994755146617
10233,56.61490450211764
10234,134.52837739624056
10235,159.5034855565053
10236,-2.5048182010060276
10237,36.21581092984302
10238,11.095087231388796
10239,99.68164748705436
10240,34.4455804470468
10241,309.92670176270536
10242,169.2672340553348
10243,111.16696183495341
10244,134.6797014587841
10245,164.07543402146712
10246,51.32857339429297
10247,46.95315718085939
10248,129.77307107511174
10249,1.3343716990531844
10250,178.03570404865889
10251,56.178387661630694
10252,96.94996053405004
10253,213.30544193191582
10254,193.99936669540324
10255,228.22368346525693
10256,32.392813259412804
10257,192.371066820648
10258,141.80375583726146
10259,54.525769879629166
10260,73.70221305295564
10261,293.2059039591975
10262,104.81015921607542
10263,-0.12271521504125
10264,95.3157934420763
10265,14.308002649545626
10266,36.06720097008808
10267,128.7064618679686
10268,89.72285309987414
10269,41.239004713927734
10270,165.97829103817563
10271,110.63630572653307
10272,33.73813520283827
10273,206.20391220399551
10274,78.40532555160571
10275,70.78170288889307
10276,103.80842529273697
10277,224.22692970609023
10278,285.64397991436294
10279,248.3354759737758
10280,33.92245393323375
10281,117.10437323488716
10282,135.96198213339477
10283,182.37409891038166
10284,290.53113593230626
10285,37.13181901985887
10286,153.9227818675829
10287,165.42441545909773
10288,98.66975683223424
10289,182.0056086275343
10290,18.081187710686148
10291,23.764652174485246
10292,156.59305826215277
10293,44.4472444278128
10294,112.07103858987489
10295,152.88341171943676
10296,252.67779650265183
10297,201.97288555809754
10298,44.250143618222836
10299,251.91371727840655
10300,163.91726251771348
10301,42.19084435041367
10302,37.48814324449246
10303,45.10057099993505
10304,31.37781895819454
10305,53.87714013934971
10306,1.378225907704181
10307,276.2122255391989
10308,86.03026768601715
10309,6.715052233750247
10310,31.557139780905544
10311,23.654277680841922
10312,41.9492876640483
10313,40.33198947636678
10314,3.225236899678772
10315,82.38840640326434
10316,284.7928386556839
10317,89.23062173646088
10318,165.25886101920733
10319,269.553196809516
10320,107.53137535794149
10321,131.22907769927613
10322,63.46376473729972
10323,45.22215055798243
10324,26.072608716630207
10325,303.5795116103341
10326,132.97816934194637
10327,95.85033815455986
10328,97.94057204683558
10329,28.19665371356458
10330,54.93336418476385
10331,210.66293286901302
10332,58.31314211338624
10333,45.35964225175021
10334,159.95043308807809
10335,52.37880567811691
10336,48.03715170987031
10337,135.9981579436748
10338,165.046835931575
10339,47.10240472137545
10340,140.85702388310784
10341,120.30748608927769
10342,100.7417702602929
10343,55.662365295858955
10344,34.77791660799443
10345,6.97205456027321
10346,17.50150191282175
10347,154.3849322221656
10348,215.55630936240362
10349,269.65039420011215
10350,51.04934646551936
10351,211.56021339181328
10352,158.35218289193293
10353,193.3935977871837
10354,126.1110299046626
10355,121.27604784727743
10356,4.9786218484680465
10357,78.87191470259454
10358,220.6621607633
10359,104.88094468720676
10360,1.872193572838982
10361,265.92129937661423
10362,291.4558705876177
10363,62.742845799533896
10364,48.85325505397023
10365,65.22808650677443
10366,19.95951655203465
10367,166.73922952526576
10368,17.35091717382371
10369,113.38973435015802
10370,316.78303231429044
10371,46.41073937539151
10372,36.67963840735721
10373,49.97012802113447
10374,162.99001372326566
10375,192.70838268420044
10376,52.76994069393842
10377,50.590393976075084
10378,192.45016663093784
10379,96.60699561174876
10380,136.24883121040472
10381,113.91437050067674
10382,225.07943064047282
10383,50.78987384785305
10384,184.95757197795973
10385,69.88264073035025
10386,181.9731299112111
10387,64.02535346454934
10388,89.01794865991525
10389,192.3491242784933
10390,135.37480221905506
10391,174.0337727437046
10392,149.08261196981408
10393,125.16311038153806
10394,137.06627273419878
10395,-20.120522571552684
10396,27.720470028546533
10397,57.46081029917405
10398,94.46726742950996
10399,105.20946837353414
10400,111.82858681731896
10401,191.7167908370729
10402,274.20320746177794
10403,17.20078960806714
10404,102.66006222909289
10405,165.47070576360483
10406,161.46473247143194
10407,-22.181228473592757
10408,67.12446575259108
10409,76.67189751222286
10410,187.57741531362865
10411,32.08056320496902
10412,-22.04946052844244
10413,163.15771531738574
10414,298.99803343179036
10415,135.45325235709174
10416,197.0663335957723
10417,71.01171521801383
10418,321.64831697470964
10419,134.1555847760608
10420,119.80304471841332
10421,-10.167281873541548
10422,197.0817958987355
10423,2.5202616187837172
10424,237.965260808665
10425,45.725744993851436
10426,218.04142137489754
10427,132.3690317297357
10428,200.73474749637737
10429,58.42720383011799
10430,210.9563587798691
10431,215.18361467270995
10432,89.61485735134089
10433,153.69014089425497
10434,1.854953636490371
10435,-5.694242125347509
10436,115.27074953373402
10437,15.993009714979818
10438,-9.316004135461204
10439,107.72554995035719
10440,173.44525306683184
10441,66.8414628605084
10442,115.17637332000525
10443,120.28750751679688
10444,106.24734224408753
10445,138.57178980042028
10446,112.04916745962788
10447,131.15633534622947
10448,25.792978341373537
10449,111.47027477317788
10450,171.84856099936255
10451,131.26822142600085
10452,64.39735988079127
10453,42.74402057509948
10454,5.987049742784288
10455,216.2728008214903
10456,80.90503135867894
10457,56.02031555111706
10458,114.9602856199635
10459,129.88458543873148
10460,50.09724491780781
10461,-2.2685585003648256
10462,2.875758787853382
10463,78.70600699578915
10464,273.6553977806724
10465,113.63857275320974
10466,166.6929309064763
10467,148.45749915863848
10468,123.11522406967804
10469,225.3742071793188
10470,48.1520911899641
10471,44.411427735675716
10472,36.34774526865281
10473,20.44552039248792
10474,91.81207664568515
10475,13.314349859475037
10476,-0.891132173823324
10477,22.501411687418127
10478,86.24108690111507
10479,67.63974241546158
10480,109.4437705138556
10481,117.33034476785659
10482,25.208341686700347
10483,291.40295838833595
10484,-14.413215607388487
10485,161.62722056356702
10486,177.3991400443739
10487,63.11265011094248
10488,127.45312742369254
10489,29.53044140648593
10490,237.78123273663044
10491,51.28889005068057
10492,68.43931040474124
10493,39.75993746499503
10494,68.16072293071993
10495,239.71524110039852
10496,127.49164850050059
10497,198.2940638951809
10498,0.9024874598041815
10499,114.95329340979296
10500,91.08567801975548
10501,31.22316657522667
10502,131.06343480812853
10503,107.57908440689988
10504,269.56907638082913
10505,72.06495533493123
10506,192.8419360842021
10507,50.72229123102746
10508,163.95289165526708
10509,203.67233026865443
10510,135.26446083998908
10511,148.60605991250947
10512,280.4122990494228
10513,139.36553576538455
10514,202.1971141653151
10515,168.28139836809808
10516,37.84252813589255
10517,101.51303993930988
10518,186.15530780333737
10519,173.81588353018307
10520,68.84842085380757
10521,15.777390976245686
10522,21.81306815279371
10523,132.02655930222917
10524,68.46076287773988
10525,36.06720097008808
10526,152.70784852599667
10527,95.83506036191643
10528,19.59662022314199
10529,129.97310634890857
10530,16.946319525123446
10531,124.76942645641455
10532,38.50100947570391
10533,187.88893358709237
10534,19.31127169388616
10535,26.592222461182413
10536,91.53649326631421
10537,328.7119107284871
10538,212.9038050591488
10539,13.819684300326328
10540,228.26202275619207
10541,191.82839953299117
10542,85.42418857494764
10543,0.3056541330713815
10544,32.70227608132546
10545,69.26626288412376
10546,46.01035835219152
10547,164.91235047799054
10548,63.797982538730196
10549,81.750488382386
10550,-5.625296717450935
10551,19.470848285779294
10552,26.293922803351432
10553,91.2913458724444
10554,168.28830110643608
10555,83.40592597716885
10556,6.6012150997930545
10557,34.197348427085096
10558,76.40760696021505
10559,130.16806545951985
10560,148.78374247909477
10561,126.00870694237976
10562,17.3772078226017
10563,1.784046404896886
10564,154.23474015315324
10565,93.86306137576433
10566,20.516231670348457
10567,198.83868915767133
10568,89.72285309987414
10569,5.83539457431994
10570,183.70901889302894
10571,84.88835519736107
10572,320.4108781333574
10573,49.259791039734594
10574,132.25769365125964
10575,217.60591078838394
10576,113.45356770297724
10577,150.46827502779155
10578,89.93259133376709
10579,152.11065168570445
10580,99.48864238820809
10581,86.53711633762624
10582,107.38556932675912
10583,64.27637933482445
10584,122.29697089851943
10585,273.6342759136646
10586,106.91473524633608
10587,144.4922044862888
10588,73.97360831420178
10589,87.43284370720976
10590,15.658585885397795
10591,276.8809249955959
10592,211.7972786920419
10593,189.8123400630503
10594,69.34876261978754
10595,31.590124184505733
10596,146.9610121905987
10597,75.8460839632937
10598,11.693443947929067
10599,131.67454210461943
10600,116.27546043981098
10601,72.20878744763785
10602,33.04793593497024
10603,134.42538250929258
10604,108.70796763217426
10605,64.88355899127531
10606,42.33336504249786
10607,206.8332989742937
10608,4.172175154606148
10609,28.176025982304644
10610,167.26759042035295
10611,47.340827174337235
10612,224.41394698556985
10613,105.19592942811153
10614,102.57225089915202
10615,165.57856393894883
10616,262.3074382408001
10617,158.12077311778046
10618,114.59518185390088
10619,199.95073034082685
10620,32.03213209284367
10621,83.60233454436181
10622,74.70013580949819
10623,97.03809313006087
10624,174.41172094766168
10625,107.54726637851634
10626,204.450540696703
10627,32.68725561946635
10628,74.65667691337534
10629,54.44894753146998
10630,116.72956127448707
10631,264.10412980247054
10632,193.9961699531178
10633,24.791562566073402
10634,111.14922016472255
10635,112.31966334403006
10636,192.99126726315396
10637,39.881251663092065
10638,44.5619989021243
10639,267.3598539431745
10640,87.39780622529717
10641,124.31072000590801
10642,57.32555494939523
10643,31.689162718956197
10644,180.7134081510064
10645,-0.40772064736854413
10646,112.23117377943194
10647,203.59924242838213
10648,48.052689947123
10649,21.95176188410708
10650,270.25415750453305
10651,30.24692315195522
10652,79.10134426885931
10653,5.602892219931866
10654,82.95689334364889
10655,170.91060059662928
10656,3.3107792972298515
10657,73.89906910104605
10658,242.4126443948785
10659,123.6176898256766
10660,128.85006721539924
10661,153.59655697804507
10662,69.50012872392483
10663,183.9931101773799
10664,232.74583235088457
10665,203.14968669059246
10666,60.7142074619814
10667,158.15316459003833
10668,37.93653084591285
10669,25.960782380985272
10670,101.63716294718775
10671,30.898216708828034
10672,161.78647267586942
10673,224.48031979789988
10674,177.1446347035396
10675,28.938071062770643
10676,53.84641573640381
10677,144.14662052336493
10678,205.00028198669204
10679,160.79875353593252
10680,14.171103146659362
10681,121.43246019481299
10682,28.34984409390916
10683,117.49893160543053
10684,259.99754032707835
10685,144.62946374850804
10686,87.98817603706308
10687,151.25002715750364
10688,220.32794937050863
10689,93.07562315130322
10690,165.72805234067698
10691,33.051731336563236
10692,176.9724226376444
10693,117.4044877898987
10694,183.47199101929172
10695,31.559268982833338
10696,256.7294881528596
10697,-7.766124450157516
10698,164.52218044496718
10699,95.27359701860351
10700,157.6749217264111
10701,23.757073543102944
10702,199.8878417675293
10703,155.78513151312342
10704,207.04494002507863
10705,324.53111059656464
10706,-27.367827648506804
10707,59.64263723859984
10708,302.8495546139948
10709,38.9732403676516
10710,23.30546434518574
10711,112.38571409155135
10712,74.531192108106
10713,74.88637889797941
10714,-10.507904577039705
10715,138.03793550944326
10716,135.98646853891645
10717,62.0704572828418
10718,117.00636681339586
10719,152.8021444301658
10720,58.755128832787996
10721,27.880333343007003
10722,156.38997548768862
10723,155.79951091579576
10724,6.355809872903943
10725,119.41986518169449
10726,127.14098754750452
10727,117.00398140539151
10728,216.93535628265994
10729,57.868318338867496
10730,97.38101295438172
10731,102.0878852532691
10732,194.16545511404178
10733,189.88890581995125
10734,28.366315514779185
10735,149.24071074966082
10736,128.33337751907402
10737,91.01982679763385
10738,40.10059027319659
10739,72.75643103584825
10740,107.30887095622803
10741,100.4019115492437
10742,148.5641560454774
10743,17.73201255529256
10744,171.93669307811945
10745,91.29898601922906
10746,184.67159540493995
10747,112.34457449650324
10748,105.96416131035814
10749,168.78742942136103
10750,77.95656514750021
10751,27.874366458193233
10752,77.72738634127228
10753,162.51151629095094
10754,293.7888531470376
10755,-0.9296846848130703
10756,136.32901757068194
10757,45.12460846541369
10758,120.03851148958411
10759,199.10858088148643
10760,292.8853790875575
10761,87.86241061799191
10762,32.10121408129205
10763,115.641678349063
10764,126.04247641384526
10765,190.9737406447374
10766,50.55652291175168
10767,138.05263402114264
10768,81.81629124131679
10769,130.49784973911974
10770,59.5881080500605
10771,125.42085489933899
10772,79.19463734079028
10773,308.29022098726887
10774,234.3227516268786
10775,133.81478555908825
10776,147.47848326424233
10777,156.7802095882807
10778,51.495509674188
10779,295.43337787504856
10780,110.60851436834805
10781,120.90367170397211
10782,102.73039404520381
10783,137.80597047337602
10784,12.230621220831532
10785,84.27106695088673
10786,211.93605802077676
10787,318.6985249081396
10788,29.370101672564534
10789,79.49255664148548
10790,179.25102224839716
10791,-17.688823564262748
10792,5.75879188738294
10793,59.689452958598906
10794,177.93089058683685
10795,135.98094544075965
10796,-6.636425378398742
10797,95.54694248530284
10798,186.4805707861742
10799,103.8315460121009
10800,-7.865300607101536
10801,111.62103490179886
10802,164.4606453327793
10803,70.89329770190064
10804,140.68982494725483
10805,112.98121237918396
10806,125.08099073956677
10807,212.48742093672013
10808,40.74863516136727
10809,5.965707545769119
10810,193.17516635719173
10811,2.3164785871109386
10812,166.750708519497
10813,155.00590485075244
10814,130.54886595634264
10815,40.41267216702124
10816,95.0034932488445
10817,20.07767262953519
10818,27.906880406564667
10819,46.4881689189998
10820,194.42899041416706
10821,69.25554114139116
10822,28.702795238659196
10823,128.4848835862975
10824,106.83293490447193
10825,168.84766607620853
10826,198.77978831541438
10827,20.882139791316664
10828,-12.382145343361332
10829,126.8655812895639
10830,276.1749586583639
10831,213.7630202583498
10832,120.73704464306445
10833,62.87277715420636
10834,77.65258515563035
10835,60.672420427038205
10836,3.235003156463525
10837,144.85912157042753
10838,236.1997136187907
10839,294.5476944747678
10840,45.28457000754328
10841,188.6918474625545
10842,135.78710771450486
10843,25.393218421161414
10844,160.3365515539264
10845,70.70793156363088
10846,183.91727901638
10847,73.83470461422907
10848,46.64102625666966
10849,302.6207604118228
10850,128.47152657876168
10851,169.71408289474826
10852,128.62017474162346
10853,82.61471224848374
10854,152.619699891821
10855,-4.082469526806926
10856,135.41621398295229
10857,211.44562289603923
10858,13.534337371379161
10859,141.10837102730022
10860,29.359860206023065
10861,5.436017830883248
10862,-10.775540960318542
10863,79.46060868555105
10864,6.200614982198053
10865,72.84667533503635
10866,40.740103019186826
10867,177.63145450156702
10868,97.6536003665642
10869,160.99927342694195
10870,53.45898613010558
10871,16.146404957763256
10872,18.081187710686148
10873,29.6282700763309
10874,207.87248318566515
10875,181.70239225583
10876,215.20883068788726
10877,132.5055844691046
10878,132.99411976191374
10879,28.217901235232752
10880,134.88292907485382
10881,120.70853641267668
10882,215.52499712520304
10883,118.35060535668096
10884,49.82844918524401
10885,10.787783712179792
10886,92.60217488493544
10887,42.98643843248698
10888,162.29160498795767
10889,106.05746854642236
10890,113.39264821193038
10891,80.19046995001773
10892,153.04569147721242
10893,26.03888508832537
10894,1.153112439630945
10895,59.05995906574196
10896,182.4175741973698
10897,288.523795846812
10898,149.2255732264865
10899,243.6670908515009
10900,291.6026904014971
10901,319.4109782247806
10902,102.94882267942579
10903,107.69275112750219
10904,139.01809034581612
10905,182.34765800948404
10906,26.240985342725242
10907,294.2648817169334
10908,82.89017987189021
10909,20.50279427008077
10910,172.69745816921187
10911,196.5566774317473
10912,135.0598593043973
10913,300.1893768506276
10914,193.17624248027747
10915,36.81834304989038
10916,161.43134400644377
10917,182.963634629107
10918,129.6143874208205
10919,151.01474553702155
10920,123.96706645831853
10921,66.42112996866842
10922,52.03556382018526
10923,144.31256429535
10924,130.167313174923
10925,136.04118338282802
10926,-32.55121719823784
10927,68.32423345299799
10928,170.8535992858428
10929,65.07114154073976
10930,1.516879875766052
10931,132.23736377990411
10932,55.41205630584138
10933,297.02557463458595
10934,43.06513992837052
10935,90.77266087756526
10936,30.0354187258775
10937,263.24300891551195
10938,156.81433105427638
10939,6.510303872752509
10940,89.72285309987414
10941,298.52794939485636
10942,126.1750423681537
10943,72.40846616435847
10944,112.9969369440552
10945,209.48131033906168
10946,31.528929671630017
10947,65.3456390391086
10948,117.43788175035435
10949,15.501658471431924
10950,71.14419389520275
10951,20.24511935055908
10952,151.612211785849
10953,101.95440080175779
10954,133.1473024533832
10955,-7.967398439511532
10956,175.00229782562687
10957,186.55938665314815
10958,10.271743980924011
10959,64.06591283702609
10960,142.89637568037182
10961,55.50932178759518
10962,46.18305912235445
10963,177.78649913751732
10964,166.27801294141696
10965,38.51516930206792
10966,12.428012316240965
10967,103.6374196885305
10968,193.68583469639475
10969,43.5608911165966
10970,55.162219574300494
10971,53.32854348080537
10972,110.6216454140747
10973,146.82728510721327
10974,132.52008615308293
10975,171.85980046049218
10976,94.48281267106574
10977,264.3327238982384
10978,6.064768145411302
10979,37.71889052242511
10980,4.2968327963528195
10981,88.8866672827748
10982,22.487436486624468
10983,76.7187794385307
10984,206.1482486486988
10985,9.224467961452758
10986,157.82334122964963
10987,30.77280966685028
10988,264.5066837723421
10989,271.67929897031695
10990,124.91025815994551
10991,54.65756575206438
10992,104.86361184560297
10993,278.4812532356485
10994,35.751751371592164
10995,49.56746584245988
10996,94.3140192568572
10997,245.27410864516258
10998,143.10111041497387
10999,134.80464386678884
11000,-10.669778330643982
11001,144.91703205104466
11002,201.84315474225696
11003,100.87437508462344
11004,295.10690906769264
11005,93.65039510787975
11006,106.24129682016815
11007,22.482637798985976
11008,288.81113137319187
11009,298.52794939485636
11010,134.56999621581514
11011,285.3812769069603
11012,32.9572653229148
11013,149.04886972063338
11014,184.93925423615457
11015,139.34148441493176
11016,119.77178488502271
11017,221.74505769718513
11018,16.003757284022853
11019,61.38624017229665
11020,285.08816298684815
11021,134.14976005445246
11022,191.93217733373706
11023,33.36758668534258
11024,193.6387699488901
11025,149.03316671413586
11026,88.82447002660169
11027,128.43763646344502
11028,215.07999508788782
11029,106.32012423337225
11030,149.38043691086975
11031,41.098488455653644
11032,125.34217340310538
11033,18.386809255408764
11034,119.60891068316779
11035,48.830387342292795
11036,104.515160427163
11037,38.2905866917459
11038,6.028534329549162
11039,172.39389567105397
11040,241.35220048437372
11041,47.942671947905296
11042,41.26035083967825
11043,71.305343210112
11044,116.13135872278885
11045,65.41836223219335
11046,120.32853336364295
11047,8.061986847422272
11048,178.34031804926923
11049,143.50025690252633
11050,18.566680794860805
11051,192.23168785817543
11052,315.1961843831832
11053,66.63935628029576
11054,20.60043716472338
11055,137.58975923743316
11056,71.3760358269771
11057,230.94563036154034
11058,110.03352625490062
11059,130.68416357944577
11060,7.2025245730537755
11061,75.72311711238802
11062,125.17925625351987
11063,45.22215055798243
11064,223.02308780158904
11065,23.369703320722625
11066,3.5492575245815168
11067,167.33217229868075
11068,35.60216424578534
11069,126.84552625492569
11070,25.651708897564788
11071,-2.487152014035909
11072,36.33339894128649
11073,142.98799714983505
11074,41.842521278002586
11075,62.27542704879155
11076,120.15648169629023
11077,59.3292381943259
11078,-3.5921769199381535
11079,34.96389092180259
11080,91.3749463837465
11081,54.113137645033774
11082,191.91786541668264
11083,43.38110243688991
11084,304.5112673302383
11085,170.22804845587626
11086,13.692080325576203
11087,184.17826968448648
11088,217.60591078838394
11089,159.0369378660491
11090,25.501401557026476
11091,158.39775032525648
11092,99.58397123324622
11093,140.93615390286593
11094,2.2492778004965857
11095,155.59938746759195
11096,157.525713629284
11097,104.3476324839125
11098,57.96352957412748
11099,145.22174318410867
11100,35.240028792440995
11101,43.126603923899125
11102,1.054601943759106
11103,2.165581015080312
11104,107.1835106666804
11105,124.20201940515119
11106,114.01306231865233
11107,23.159490758399336
11108,67.99811945759024
11109,-8.608890756367238
11110,90.40572001091282
11111,144.84416154250357
11112,119.93055655799388
11113,35.751751371592164
11114,68.81872268122216
11115,155.51682990438735
11116,178.1534689159267
11117,86.74416782902033
11118,-9.331126819636184
11119,254.42880813535285
11120,92.16843323254447
11121,19.144237456017695
11122,66.24104506229718
11123,106.11476247261086
11124,45.07686804508556
11125,51.89136465284207
11126,136.1212680134069
11127,24.39148915334147
11128,157.87910174163542
11129,64.88775937491307
11130,35.09181194869165
11131,123.90088662097325
11132,99.40316499030449
11133,-7.3126466890756845
11134,37.1676272740496
11135,170.28292624670345
11136,36.55499515604512
11137,63.80421390479953
11138,276.8469165260964
11139,6.731581002013458
11140,7.652799287644708
11141,13.20563739568688
11142,36.11854534478288
11143,64.36430542783872
11144,-15.675194732772477
11145,70.31195000359409
11146,14.474687396003175
11147,200.0901223950251
11148,46.75967793654614
11149,312.71520697275764
11150,161.48289521924522
11151,146.09302995272756
11152,27.009342514227757
11153,239.18058784847616
11154,211.4003908528305
11155,383.2901355262398
11156,51.303268286295705
11157,188.22009375175895
11158,151.65510548866695
11159,71.32639186546416
11160,136.94560525603353
11161,68.51312905860712
11162,150.2862569244619
11163,91.3397164632145
11164,204.54629133174674
11165,223.8776223203033
11166,81.88163665370723
11167,99.21707353272176
11168,54.53414428064857
11169,169.996145803808
11170,52.88509661413794
11171,172.38573717477232
11172,-8.831669532466211
11173,93.4422463807176
11174,14.49132007085196
11175,194.83401080815355
11176,159.32402360809797
11177,121.01075337394839
11178,254.22291249834535
11179,4.436671635032625
11180,225.0078511827253
11181,143.9688911862277
11182,139.28101440109288
11183,139.28101440109288
11184,56.90208668052386
11185,51.507607835947965
11186,161.95832642776062
11187,56.341467216594594
11188,91.74778537631519
11189,176.57504591542764
11190,68.13712403562928
11191,118.15844122639726
11192,125.64183479246898
11193,101.15099191792534
11194,160.03585326039246
11195,-2.0521225713277613
11196,245.5618526959136
11197,30.17599606881705
11198,79.27950599473478
11199,98.5562686855092
11200,282.86093148896725
11201,5.7558338856753855
11202,27.864983901084056
11203,40.80189929823685
11204,52.55594470088275
11205,160.2590943289687
11206,149.36477692466585
11207,159.20684547578676
11208,177.77192781415442
11209,53.14946772841469
11210,147.19959148752096
11211,1.3343716990531844
11212,27.880333343007003
11213,103.81991298719777
11214,166.45122354375138
11215,105.08156357854497
11216,147.72851009285492
11217,84.20693444935868
11218,5.315986971844167
11219,146.7791430876744
11220,60.99802747985212
11221,178.19530282648253
11222,98.57358306106903
11223,129.48311989865024
11224,299.08394405893443
11225,193.90748028288917
11226,58.85746540511446
11227,53.460343223759146
11228,136.44589809523666
11229,291.2678217289749
11230,170.8617065017051
11231,114.65867738173365
11232,30.17599606881705
11233,235.53752631932386
11234,253.73082981774235
11235,56.536599807854934
11236,52.77701820285302
11237,274.20132017188945
11238,73.09866803831893
11239,243.65304956703224
11240,-1.8965335634566276
11241,85.35866411988756
11242,292.74850716697665
11243,21.717618842184212
11244,-11.591906442070941
11245,81.03253484599979
11246,278.6560713659125
11247,16.256070338645905
11248,36.23488826154366
11249,250.30596487510786
11250,143.76990526647774
11251,82.49570332035526
11252,45.7580675204541
11253,83.70736595612425
11254,282.5980750720726
11255,56.536599807854934
11256,212.7109589573546
11257,135.8856621064821
11258,192.13057839362077
11259,315.24283973034966
11260,14.955048075290515
11261,26.005538174847807
11262,150.13187635605172
11263,10.415217174988424
11264,37.658463922505156
11265,95.33759832193456
11266,147.52673888940075
11267,160.31586601052945
11268,112.84180122124617
11269,-10.114551082461992
11270,192.47010742656323
11271,252.52061630906502
11272,271.97487043872985
11273,29.56213339462156
11274,21.95176188410708
11275,32.643348191266604
11276,338.54179313051054
11277,319.0534002341463
11278,147.25952892986177
11279,139.7108410928915
11280,49.58488689996958
11281,123.06343219343427
11282,72.0040703818688
11283,45.760632178515564
11284,146.62423213235704
11285,302.07397581977654
11286,17.40661320573076
11287,24.00656460407011
11288,129.63770833650906
11289,27.33155277641793
11290,280.8901319689304
11291,156.3896511639429
11292,28.62938696875993
11293,106.88386682388489
11294,27.41085410070874
11295,36.95290035286903
11296,130.33582636653827
11297,161.71249082914116
11298,171.0698228147509
11299,70.35961066785583
11300,202.80043881946986
11301,73.91270109471898
11302,37.572052999932254
11303,126.98522230717907
11304,126.84711386615277
11305,88.84136335818798
11306,91.60087664329153
11307,127.31009456714253
11308,15.253041683226396
11309,37.10418487585344
11310,214.18228269185818
11311,148.68696182574934
11312,99.99458457167891
11313,121.15639738509846
11314,279.06790034631376
11315,199.06813916561845
11316,107.4246725309433
11317,163.22283039752145
11318,130.10327462735836
11319,211.4996949415741
11320,95.71574616753253
11321,53.18796613786582
11322,133.31741332639015
11323,71.39936158845025
11324,51.21802210757384
11325,144.3437087270192
11326,26.859245012502036
11327,84.85454220504951
11328,250.34195807754645
11329,49.61258093077081
11330,103.62928946120401
11331,190.37718687568542
11332,277.34227927269103
11333,57.34235599573305
11334,5.728558747411091
11335,99.78982614956689
11336,227.17721312375286
11337,53.07230757037272
11338,213.14932664046873
11339,278.6672104799663
11340,132.34280197849966
11341,134.94564198514342
11342,11.25514588619134
11343,295.8854603283847
11344,152.9074947664348
11345,214.98291342034364
11346,113.3176279633597
11347,194.90060430202988
11348,100.4526151293384
11349,201.5279219126038
11350,89.76821379666544
11351,276.26380782429266
11352,76.11072805467312
11353,142.7739292397869
11354,125.54523059716068
11355,164.93815642192396
11356,79.46817801135961
11357,160.2581399366271
11358,74.61186011716947
11359,39.75993746499503
11360,35.24197747314626
11361,177.9570577570404
11362,264.10412980247054
11363,18.390213589736778
11364,19.482148852676918
11365,158.48686061751874
11366,154.61354913238
11367,19.81349386978493
11368,134.41234554538974
11369,178.93079879552405
11370,141.89973099843914
11371,70.10554675411804
11372,19.42414479023985
11373,222.06649411617593
11374,135.34169886870788
11375,87.84609394336871
11376,185.42371477092271
11377,215.1465317651238
11378,26.38932434684112
11379,177.2533923773882
11380,104.30589816008556
11381,156.19023264979452
11382,32.01597034319212
11383,289.9847791616944
11384,82.35941987260344
11385,137.72403481227104
11386,93.35684402966892
11387,56.14893390041756
11388,1.9311656550489003
11389,182.08025499252372
11390,230.0107180078342
11391,168.07956331289873
11392,118.40618076607701
11393,19.561174974135405
11394,54.0549571840673
11395,-10.941801277787793
11396,290.83195399893884
11397,36.98494173520642
11398,129.58696166350217
11399,28.730026257310826
11400,38.329330366711986
11401,75.49513124662228
11402,126.47493219175557
11403,42.052665481326514
11404,57.61085656961731
11405,136.68472250335367
11406,138.2787308444288
11407,28.587823944039698
11408,285.6503048655885
11409,142.14683356636084
11410,285.7435385619562
11411,119.53207750464414
11412,-8.401442844330635
11413,260.6455549373776
11414,183.88418088358455
11415,93.3552517991726
11416,-2.252678275082172
11417,145.59609777128605
11418,178.34891267558947
11419,195.5387722847768
11420,152.17962403527198
11421,180.93286941166497
11422,159.06099194459722
11423,266.81216705042516
11424,86.6027004150569
11425,176.5101797118422
11426,40.157166683320305
11427,2.696146731339769
11428,159.57412379853994
11429,84.87843252623198
11430,72.04050773950935
11431,51.284364717903266
11432,225.08185654295
11433,288.631211627582
11434,106.54637364965565
11435,162.29688411682807
11436,51.04934646551936
11437,295.7974316553492
11438,131.94509054479948
11439,284.4502770649405
11440,78.83932389831311
11441,43.28216863894483
11442,176.80288952222753
11443,18.10688266296894
11444,77.32162557048566
11445,256.56910948440725
11446,199.35931811561625
11447,96.17809041638913
11448,25.983098008361413
11449,110.58744723621469
11450,160.87993048592134
11451,187.990913188139
11452,304.9822476437421
11453,126.24711260419733
11454,151.95759468499074
11455,92.37172790522433
11456,79.23452132534021
11457,0.3689950248661543
11458,240.75857959043663
11459,54.763173003583674
11460,16.618104774179667
11461,-10.114551082461992
11462,182.5003482440316
11463,7.502255231040753
11464,111.42208075023329
11465,35.37709149290707
11466,101.57013056981152
11467,196.88066976598074
11468,5.449608912786704
11469,14.404819820750792
11470,146.8028336415
11471,106.51318406321903
11472,286.72459552624315
11473,91.73424290914481
11474,292.0698374412576
11475,111.61075159577958
11476,21.275493285894377
11477,212.91656927548874
11478,39.14370773846969
11479,237.77757740569962
11480,222.73274974717143
11481,91.8162623025609
11482,50.709403900318
11483,50.74583978717439
11484,213.69039063082644
11485,32.49138998209469
11486,188.3298920778671
11487,27.593292375186063
11488,165.1466430046192
11489,38.2905866917459
11490,97.74710498910798
11491,77.00227371488364
11492,96.30603671571151
11493,189.66772108856847
11494,227.98237079354124
11495,37.328632156419545
11496,138.26044102167148
11497,97.52560892114616
11498,27.504647710149467
11499,150.6362870218309
11500,88.2597501883114
11501,109.06526693258583
11502,104.03796940483849
11503,173.8390587008855
11504,215.10249161393213
11505,38.60782553231819
11506,38.206637600560654
11507,8.26413452888917
11508,194.20399539256755
11509,176.89387438915446
11510,78.21205604994609
11511,86.40361787790856
11512,45.746190806155596
11513,22.564484893787796
11514,300.34114128922135
11515,92.30338205695064
11516,177.64565422799353
11517,27.25259850707975
11518,43.28216863894483
11519,10.76800394451878
11520,99.29211720645924
11521,248.5430239804222
11522,48.81622751592879
11523,89.90785810478258
11524,304.7383809332235
11525,33.167829282824776
11526,26.907060164995514
11527,195.34071390841325
11528,192.9811587949837
11529,150.22722593325125
11530,31.223456340677195
11531,155.00759977681946
11532,196.21130440017237
11533,41.21977075956702
11534,193.3478568200448
11535,94.29926089940881
11536,196.05530861427374
11537,126.1445715934385
11538,233.58187357489228
11539,251.1397014975939
11540,21.678537628169565
11541,71.49796828041521
11542,184.2251591901348
11543,179.2869523632175
11544,143.9606204224825
11545,249.57086287472922
11546,181.0657394601602
11547,224.55592110323423
11548,4.638803130126078
11549,-9.409496067271993
11550,0.7602492827790571
11551,97.23244497546919
11552,210.8706068981518
11553,134.85066029663804
11554,153.69274857503692
11555,59.40996885932543
11556,44.69667035077517
11557,38.32244398515739
11558,36.98463382618257
11559,245.16424566436248
11560,114.20021948658002
11561,127.49217861631924
11562,128.94637561063874
11563,273.3963746536637
11564,-10.452747486604904
11565,124.0309903509739
11566,162.6762210996353
11567,15.992240014585562
11568,-0.6051250165153087
11569,149.65320862489804
11570,72.69790755513473
11571,34.97513080079508
11572,78.78937339587172
11573,119.03387471189113
11574,133.93773521422773
11575,136.0585795547408
11576,23.65828884100224
11577,128.28938654192245
11578,291.17911551314796
11579,68.35384621686497
11580,115.21816190098671
11581,18.63378407844424
11582,318.6985249081396
11583,-9.63859368881111
11584,89.20299675045335
11585,39.814084677059896
11586,230.34862732740424
11587,216.321300637988
11588,-0.014704331065228218
11589,27.113108243451233
11590,126.98237391373725
11591,111.11135511239877
11592,140.4668330537473
11593,219.3285371079373
11594,159.6667154881311
11595,57.92121213646833
11596,126.18850454472333
11597,110.82238080135542
11598,150.28482237403074
11599,150.50247293720852
11600,252.79824710256509
11601,43.649611584832726
11602,110.56065663725184
11603,186.83644476694528
11604,156.63052596434343
11605,91.66063920782025
11606,57.87988297424172
11607,35.64686248794338
11608,78.32748661544638
11609,218.3023942005114
11610,115.99549125534028
11611,106.39350632532289
11612,114.43861098731851
11613,51.51893761331412
11614,21.251053324144298
11615,35.243198613043226
11616,58.35026127454162
11617,220.24243854767872
11618,33.627272019321126
11619,185.47695640617803
11620,63.919626002750505
11621,30.6685635944322
11622,56.4519150382789
11623,60.82200369989862
11624,130.3082111889595
11625,67.71298675202928
11626,125.09038481405119
11627,16.16428378562391
11628,46.78044898037977
11629,62.59071638569575
11630,130.62187553756533
11631,27.345057684203645
11632,144.2956244330956
11633,176.4508680238121
11634,26.68106880602245
11635,155.11657392769
11636,144.41532498194448
11637,83.61469556816874
11638,148.35139575365557
11639,178.0313654619799
11640,12.02689589196445
11641,11.208557554045102
11642,95.2242297897987
11643,114.88807591052746
11644,267.08881272011826
11645,22.59415010287459
11646,17.588066151078266
11647,29.58159594540593
11648,184.82169050928837
11649,287.6420464742681
11650,110.44884825183627
11651,179.94695365219087
11652,73.17517462079272
11653,131.49701817889942
11654,-0.7920161580585304
11655,150.7206171335821
11656,258.13643629736094
11657,75.33044975858273
11658,4.628038920809519
11659,51.71800869780278
11660,105.7701843915382
11661,87.01271743811054
11662,75.22003980135719
11663,44.239221185309745
11664,21.92289071400784
11665,165.90701037131603
11666,18.593632574759006
11667,10.987375806438834
11668,-5.272322610601836
11669,31.21220201962655
11670,193.1807294030957
11671,77.00227371488364
11672,70.84925859536561
11673,-19.257562151139535
11674,143.1790454949574
11675,119.38104011479294
11676,178.66912303902149
11677,101.01171380176916
11678,154.5714155865236
11679,25.17145789448173
11680,111.1220392414814
11681,156.86302726677292
11682,153.38608688590753
11683,49.75681486604662
11684,135.5813684340913
11685,97.98794241570208
11686,161.71175223171278
11687,99.21256737900389
11688,22.077947938410002
11689,175.7322642358217
11690,123.24214938609363
11691,17.35013675189367
11692,223.73273603505552
11693,302.956507924377
11694,88.61157388098684
11695,246.9368487394957
11696,113.59735425031761
11697,4.808921595550507
11698,62.29735532613506
11699,39.58718943522061
11700,121.456080170372
11701,39.30912872927267
11702,47.38648406957441
11703,131.33487885176035
11704,305.6186558601287
11705,28.18105638228148
11706,179.4227802280234
11707,104.1313248462035
11708,175.9558244425266
11709,250.11383560197956
11710,107.10282525153747
11711,88.53558691889482
11712,44.09350067689971
11713,71.71487698306193
11714,119.02325481608567
11715,136.1992738240704
11716,131.32849680473421
11717,78.55175092532417
11718,79.8941488481027
11719,189.42366897590765
11720,45.6014778718679
11721,64.9153267361035
11722,80.01744013743604
11723,17.46013266060587
11724,163.09545713782902
11725,39.855708929567186
11726,133.96355078374228
11727,37.658463922505156
11728,201.85838046302183
11729,194.06630874495312
11730,24.898719374483495
11731,157.6320094431037
11732,156.81550275230722
11733,98.73336045283536
11734,27.36176916804641
11735,106.52523727427656
11736,97.90598232854099
11737,165.66749054809605
11738,93.75737055648153
11739,99.47387483283562
11740,298.52794939485636
11741,225.00734097449987
11742,6.453476884042402
11743,39.009987875641855
11744,219.18905324080447
11745,142.45802253256244
11746,286.5494380956999
11747,146.81622747328743
11748,294.6581161869708
11749,168.43368023685133
11750,74.67464596918492
11751,232.82442858871448
11752,230.7079191052597
11753,194.56230237022856
11754,90.95695565931211
11755,58.74417392898238
11756,27.32218283368224
11757,22.901746842909322
11758,86.45520440708978
11759,34.22761924613151
11760,11.25514588619134
11761,32.945691326016615
11762,-8.852032524547612
11763,183.53908930108625
11764,91.51202588568131
11765,53.77435651066657
11766,221.03943103717756
11767,237.52831007106815
11768,87.07792025946392
11769,5.1770992876539355
11770,205.34159048342062
11771,201.12807617122036
11772,155.50183390558266
11773,129.48730771426338
11774,171.44130049980356
11775,51.20581282470234
11776,130.54277173297294
11777,74.53462265305065
11778,168.20407365034882
11779,81.5544238993398
11780,182.95499154667186
11781,149.20053402466533
11782,73.06633457939796
11783,190.130029353738
11784,166.3204550078674
11785,47.50572119521202
11786,136.65240813344386
11787,227.22119475474048
11788,130.59026724556944
11789,108.79460868475252
11790,-1.3270701145229862
11791,24.625832644142797
11792,117.23096718349777
11793,39.48333980358109
11794,173.40818776946855
11795,73.12042000073366
11796,98.28692290982214
11797,106.87305795526305
11798,274.21723397983783
11799,41.20617718522684
11800,127.6036780538878
11801,74.90080017239386
11802,180.26347695571823
11803,73.02857847587364
11804,51.94051477816896
11805,101.14680312480813
11806,263.9165425311128
11807,140.86157413528124
11808,146.6418105022635
11809,123.73346847601306
11810,48.86984450252053
11811,132.5822589267188
11812,81.16485935921715
11813,19.922120800316275
11814,194.7054804498265
11815,173.8485477034161
11816,113.45283691696193
11817,102.97475996422307
11818,53.26177233648806
11819,296.95924060216635
11820,63.98654419219876
11821,164.38629111625835
11822,55.65731139786752
11823,11.236980606695335
11824,299.45577235895774
11825,232.87267473161398
11826,180.48377743730447
11827,259.32433419880624
11828,16.712253741286393
11829,3.1520553319712294
11830,168.14918939554792
11831,72.47469635006242
11832,29.508219603437592
11833,34.56809388575833
11834,186.51268510896594
11835,169.56240081186706
11836,235.5378231688707
11837,0.11485162210624683
11838,231.09613792437096
11839,33.92245393323375
11840,78.79399258294838
11841,12.819206725911709
11842,86.01527480035273
11843,149.5652029619496
11844,-0.7020368680390408
11845,20.977511425012082
11846,138.95141856741608
11847,53.56899353779959
11848,169.38058240674607
11849,141.51871440124054
11850,66.59340965296413
11851,170.74103813729798
11852,109.89836183251647
11853,112.97582356525889
11854,30.344092614723042
11855,107.52194326785661
11856,33.25903670886907
11857,107.06479414915046
11858,102.7252219542493
11859,48.966196562039705
11860,95.70534807071365
11861,65.35012626142772
11862,8.475439505161152
11863,75.0372515464979
11864,123.06341568839672
11865,158.2001893275897
11866,20.24511935055908
11867,146.69635554508483
11868,2.4718226604728897
11869,196.60319912615944
11870,61.555483416847494
11871,14.709074186481992
11872,111.87139174350625
11873,162.41338639829766
11874,3.034759450991441
11875,117.46678033156991
11876,18.788710626586486
11877,-16.06342664520198
11878,220.3713305784199
11879,34.36405208227832
11880,51.66288430088225
11881,158.888360655576
11882,160.56757982391125
11883,-6.390306919066215
11884,140.96286199302665
11885,123.8973995075365
11886,12.090489548519274
11887,126.76028565950556
11888,204.22644950509
11889,196.05557415773734
11890,182.87211709698056
11891,77.16019380331511
11892,41.36479970504747
11893,107.09652024461873
11894,71.05388459507704
11895,278.8197121520873
11896,138.41552097026369
11897,1.8200727096621026
11898,101.74975412456821
11899,19.871180165753238
11900,17.633249924891466
11901,132.05654133080967
11902,238.15291022668902
11903,56.536599807854934
11904,84.36852551802747
11905,-7.6114971046017015
11906,50.48588183702335
11907,143.6156943503442
11908,119.16893896496308
11909,95.51873039207504
11910,248.05062876183726
11911,80.09841202431872
11912,172.7363552953541
11913,144.75932101600375
11914,16.827491379912285
11915,10.139101244077278
11916,124.82533220717332
11917,46.48403922593916
11918,65.41869844770753
11919,28.475017674631285
11920,270.64164268812635
11921,108.19609712838617
11922,174.6473562959257
11923,105.20020632507111
11924,29.88757318084491
11925,91.10300330333023
11926,-1.7693939203561229
11927,121.31407957191409
11928,0.8310638503776006
11929,188.7041306888077
11930,251.81677170970255
11931,94.64622782789075
11932,73.13219985657263
11933,298.52794939485636
11934,78.24446035571172
11935,303.5795116103341
11936,87.05181999495602
11937,151.43920755901354
11938,-7.464648277379248
11939,127.02474140900246
11940,4.365102805458812
11941,36.252123031571415
11942,115.54209923553971
11943,22.527681971475758
11944,82.4982548018535
11945,190.98923411316525
11946,195.77429738877123
11947,220.57621739140285
11948,76.43554113259185
11949,20.710832576005696
11950,134.39243914188148
11951,7.002353120216201
11952,175.84333981096108
11953,26.565831615479993
11954,122.75271221367701
11955,27.823812885673025
11956,30.17599606881705
11957,5.801539760891328
11958,85.50944427909073
11959,162.87081665812778
11960,75.40435323263851
11961,165.56080345362804
11962,0.42710869033842846
11963,97.22000143595723
11964,161.3193246589008
11965,177.41731815778675
11966,33.92245393323375
11967,111.31157009566707
11968,252.08447321254923
11969,258.13643629736094
11970,59.87625844859759
11971,141.73815399258598
11972,33.92400314508487
11973,4.495781231377172
11974,10.574059774242247
11975,117.34567765990101
11976,120.1419465235183
11977,243.7019386171601
11978,88.82001102011225
11979,86.27679672381736
11980,182.98596682682557
11981,136.0471199536876
11982,156.29489657107518
11983,29.93074998253606
11984,38.17923549429642
11985,39.440317235583954
11986,161.3115678754036
11987,225.3072215448012
11988,80.94656753496743
11989,238.157592748172
11990,98.51720252980545
11991,239.50815562100146
11992,158.09507322779885
11993,121.92558855953952
11994,21.713869776017315
11995,27.637076628724888
11996,194.21953590328252
11997,107.78044841806263
11998,48.693159706180104
11999,57.6817160006111
12000,26.565831615479993
12001,45.592713451603096
12002,75.65798857889455
12003,41.838859398146205
12004,64.27363770689065
12005,134.13665471382194
12006,69.76089104922632
12007,29.312161121538598
12008,287.3310457081778
12009,119.32780572954206
12010,-2.4036762661419795
12011,75.45342598415452
12012,178.63446750799235
12013,182.6692488089182
12014,61.22855096833041
12015,109.29417592756595
12016,107.13139788428245
12017,92.99990959107117
12018,65.41869844770753
12019,48.318970583926514
12020,46.89316707466206
12021,45.22215055798243
12022,47.689874469975564
12023,-9.208291295450593
12024,70.66040659413332
12025,211.36381840581151
12026,36.866684610631886
12027,162.46999384162532
12028,11.651450998932155
12029,66.62001641209744
12030,179.90522502217178
12031,185.78113343750553
12032,67.10251584948047
12033,208.97057404485295
12034,248.85584221133774
12035,106.97777198113789
12036,194.36153331123825
12037,53.45898613010558
12038,108.21866283111923
12039,73.83470461422907
12040,93.91429498765251
12041,29.590395015119334
12042,43.21357032068661
12043,299.6215486999693
12044,158.04175652968482
12045,109.39440612992168
12046,116.7638220172724
12047,30.385679084439495
12048,1.2983216737977308
12049,167.66747529588093
12050,106.75947800262446
12051,194.71089210854853
12052,-3.092462009881725
12053,316.2601480171495
12054,39.49399134450481
12055,274.20132017188945
12056,70.1127937620827
12057,106.32741013732824
12058,33.92245393323375
12059,147.805370347685
12060,92.29072114425114
12061,90.91238659685064
12062,195.4562297925713
12063,147.432150085526
12064,109.62477224360738
12065,97.75371360551918
12066,41.33825946474952
12067,185.53487261194599
12068,279.7716793294419
12069,184.08575163954978
12070,121.20141001803917
12071,84.3027918096964
12072,-9.498959225675133
12073,40.2004444598901
12074,175.09282994324843
12075,181.93907618004582
12076,45.90990386724671
12077,16.256070338645905
12078,181.223693009089
12079,1.4076599724686143
12080,150.310156264762
12081,26.801494805165696
12082,133.64814144180775
12083,9.56931327210558
12084,35.941022084037456
12085,1.4188438032792225
12086,194.67880063305014
12087,35.02631159797172
12088,16.923870669964142
12089,298.52794939485636
12090,154.71859243290774
12091,42.39104621981949
12092,146.6973651663432
12093,22.55628586349078
12094,262.9352255629078
12095,94.95979504826396
12096,87.06596076651246
12097,70.14002442406918
12098,114.8250303495838
12099,16.003757284022853
12100,7.67781856846815
12101,64.82902992872792
12102,241.36582220861524
12103,171.71018839670273
12104,140.9450355949055
12105,35.741071653915554
12106,62.248327296855415
12107,254.17284570858237
12108,35.05157737309414
12109,166.82267356331124
12110,263.44251432417235
12111,26.18462789516019
12112,48.91223490008851
12113,89.4602125403075
12114,33.76297977467852
12115,167.49848124789938
12116,264.6115395052253
12117,16.938051403271828
12118,193.5135684676873
12119,204.2500578703267
12120,56.108292859456256
12121,185.43005721104865
12122,52.05281116167812
12123,108.05515251484981
12124,39.21513052239185
12125,146.59093716963702
12126,127.12131313471833
12127,193.75502600634067
12128,31.579458203461733
12129,82.82215828454594
12130,223.4045080930832
12131,298.5346284046767
12132,148.91974186568268
12133,54.94759201655196
12134,89.72285309987414
12135,57.737424659942405
12136,31.768536445161583
12137,-17.849415597480505
12138,289.66655654409766
12139,19.18324548014555
12140,209.42473071214354
12141,72.08024103588005
12142,27.098258831720525
12143,214.02789675233527
12144,285.8342551249272
12145,119.06595800598825
12146,95.77868374535429
12147,54.48148366942393
12148,-15.124496633550667
12149,186.7051852868263
12150,32.11509239417557
12151,89.23327824991263
12152,98.63356460144374
12153,11.23259151650705
12154,89.3680091498339
12155,47.97173278777001
12156,140.53956197621676
12157,-17.194453967469048
12158,199.81551320487083
12159,141.9895303012783
12160,176.11601686034308
12161,58.13035626662902
12162,302.9295631806277
12163,131.51238795241227
12164,155.9549252196448
12165,5.127136395442721
12166,74.65299606202461
12167,134.311532288782
12168,101.82042859373237
12169,106.04719332267496
12170,119.73958958849606
12171,-1.4732745981067463
12172,83.86192309091275
12173,41.3262809802388
12174,267.19798995146334
12175,70.14333536877157
12176,39.90217298204516
12177,-10.669778330643982
12178,164.78698852276048
12179,163.1625361278306
12180,82.30408117681782
12181,6.796495747675489
12182,156.66711927006375
12183,16.914048056994215
12184,-7.7599146558189425
12185,43.6478735354891
12186,7.93542233433249
12187,251.04066526558032
12188,24.047645807832556
12189,28.116594220239925
12190,139.02861339159438
12191,97.20375378893065
12192,160.75549535377723
12193,46.36477752210771
12194,39.61676614503802
12195,116.91289905892344
12196,114.90606689755657
12197,214.54589660642404
12198,39.292521878149415
12199,10.936862255122287
12200,70.80065943013635
12201,90.30683450848204
12202,209.73357229162693
12203,182.92575882433175
12204,220.69852676618487
12205,29.291466172536538
12206,63.94048148420462
12207,20.226450147579524
12208,261.882395482527
12209,134.6810753830082
12210,105.23748706700773
12211,43.12557342438168
12212,206.46524608387335
12213,216.24673127139036
12214,135.95519441055373
12215,151.57200820651494
12216,40.911718902138745
12217,90.75322150614733
12218,76.88386216655284
12219,161.9808734378124
12220,143.48288302864196
12221,279.92369295004846
12222,45.50603690035337
12223,264.2895975763591
